公司的全称,招聘岗位名称,工资,所在城市,工作年限,学历状况,公司标签,详情页url地址,岗位描述
Veeva System维我软件,python中高级后端开发工程师 ,25k-35k,北京,经验3-5年,['本科及以上 /'],"['软件服务｜咨询,IT技术服务｜咨询,医疗｜保健｜美容', '上市公司', '2000人以上']",https://www.lagou.com/wn/jobs/10417282.html?show=47e2e36d309246e5a3a7549e53a1f0d7,"['职位诱惑： \n', 'SAAS软件，ToB业务，医疗垂直领域，纽交所上市 \n', ' \n', '职位描述： \n', '职位诱惑： \n', '- 纽交所上市公司 \n', '- 全球生命科学行业 SaaS 商业解决方案领导者，世界前 50 强制药企业中有 49 家选择 Veeva \n', '- 有竞争力的薪酬和多元化福利（培训费、健身费、补充医疗保险、年度旅游、15天以上年假） \n', ' \n', '工作职责： \n', '- SaaS 平台架构设计、改进及实现，技术选型 \n', '- 分析业务需求，提供业务实现解决方案 \n', '- 与前端工程师、产品经理和测试工程师持续沟通协作，保证产品的质量和开发进度 \n', '- 在理解产品业务的基础上，提升产品的用户体验，利用技术驱动业务发展 \n', '- 跟踪研究前沿技术，并应用到公司的产品开发当中 \n', '- 公司项目原因需要使用 python 语言进行开发 \n', ' \n', ' \n', '任职资格： \n', '- 计算机相关专业本科及以上学历 \n', '- 3 年以上开发经验 \n', '- 熟悉 SaaS 平台软件设计和开发，有实际经验 \n', '- 大规模业务系统设计经验 \n', '- 熟悉常见数据结构和算法 \n', '- 熟悉掌握主流关系型数据库设计和开发 \n', '- 深入理解面向对象设计 \n', '- 熟悉至少一门主流编程语言，如 python, java, C++ 等 \n', '- 熟悉 web 开发的相关技术和框架，如 Django/Flask/Spring 等 \n', '- 对技术有持续热情，个性乐观开朗，逻辑性强，善于和各种背景的人合作']"
卓曜智能,python开发工程师 ,9k-16k,苏州,经验1-3年,['本科及以上 /'],"['人工智能服务,智能硬件,制造业', '未融资', '15-50人']",https://www.lagou.com/wn/jobs/10528222.html?show=47e2e36d309246e5a3a7549e53a1f0d7,"['职位描述： \n', '1）负责Python后端服务开发 \n', '2）程序界面开发，自动化设备控制 \n', '3）负责搭建和维护后台服务 \n', '4）深度学习训练自动化工程开发 \n', '5）日志系统SPL编写，数据分析任务 \n', ' \n', '任职要求： \n', '1）计算机、软件类相关专业，本科及以上学历，工作经验1~3年 \n', '2）有Python后端开发经验，熟悉MVC架构，精通Flask/Django/tornado等框架； \n', '3）熟悉网络编程，熟悉tcp，http等通讯协议，熟练使用多进程和多线程； \n', '4）熟悉mysql、redis等常用储存方案及基本原理，能够独立地合理设计数据库结构； \n', '5）精通Linux系统结构，并熟练使用各种linux操作系统命令； \n', '6）有大数据或机器学习经验者优先 \n', '7）有一定算法能力与思维 \n', '8）从事过自动化设备行业或对自动化设备感兴趣者优先 \n']"
芒果松,Python开发工程师 ,12k-18k,深圳,经验1-3年,['本科及以上 /'],"['不限', '未融资', '15-50人']",https://www.lagou.com/wn/jobs/10192153.html?show=47e2e36d309246e5a3a7549e53a1f0d7,"['岗位职责： \n', '1、熟悉本部门项目开发基本流程，服从项目管理和项目经理的分配及按排； \n', '2、负责参与功能模块需求的分析设计，并对各自开发的功能分析、优化、严格按编码规范进行开发，独立完成； \n', '3、负责进行严格自测，以及项目单元测试，并保证开发质量； \n', '4、负责书写所负责模块必需的部分技术文档； \n', '5、须按计划向项目经理及上级汇报执行总结，以及相关的问题； \n', '6、有义务对项目工作提出建设性建议以及对团队提出建设性建议； \n', '7、与测试及相关部门进行有效沟通，高质量的完成团队的项目。 \n', ' \n', '任职条件： \n', '1、参与开发过Python项目工作,且自己参与过四个以上的项目 \n', '2、熟练常见Python开发框架（例如Scrapy/Twisted/Tornado/Django/web2py,tkinter,selenium等，以及熟练PGSQL数据库,MySQL等操作、数据批处理、数据同步； \n', '3、有良好的代码开发规范习惯，以及需要对开发思路清晰；能处理一定的项目上问题，并提出开发建议； \n', ' \n', '职位诱惑： \n', '1、弹性工作制，上班不打卡，发展空间大， \n', '2、公司平均年龄25岁，年轻化的团队，沟通以及技术交流十分便捷 \n', '3.公司有浓厚的技术学习氛围，有大牛亲自带，丰富的项目可以实战 \n', '4.公司每周3-4次下午茶。 \n', '5.公司每周1次羽毛球活动 \n', '6.入职提供五险一金']"
佰悦互娱,python开发 ,18k-36k,武汉,经验3-5年,['本科及以上 /'],"['游戏,软件服务｜咨询,IT技术服务｜咨询', '不需要融资', '50-150人']",https://www.lagou.com/wn/jobs/9029282.html?show=47e2e36d309246e5a3a7549e53a1f0d7,"['工作内容： \n', '负责手机游戏的服务端开发和优化 \n', '负责平台项目的后台开发和维护 \n', ' \n', '岗位要求： \n', '熟悉Python语言，并理解最佳实践 \n', '熟悉WebSocket/HTTP2，对web开发有深刻的理解 \n', '熟练掌握并发编程，理解分布式系统和微服务设计 \n', '具有良好的算法基础和计算机网络基础 \n', '熟悉MySQL/MongoDB/Redis \n', '对代码质量有良好的意识，重视code review']"
1Token,python开发工程师 ,12k-24k,上海,经验1-3年,['本科及以上 /'],"['科技金融', 'A轮', '50-150人']",https://www.lagou.com/wn/jobs/6102390.html?show=47e2e36d309246e5a3a7549e53a1f0d7,"['- 从15年起，创始团队在web3金融领域已有多块盈利良好的业务线 \n', '- 团队来自南洋理工、纽约大学、杜克大学、芝加哥大学、复旦、交大、同济、财大等学校，以及Google、摩根士丹利、paypal、refinitiv（300亿美金被收购）、东方财富证券、中信证券、恒生电子等背景 \n', '- 稳定性 + 高成长：有存量业务保证稳定性的情况下，新业务线发展迅速，每年3倍的速度增长 \n', ' \n', '- 公司技术氛围好，CTO是联合创始人。技术栈新（golang/docker/云原生）， 有完善的code review和coverage体系。个人成长空间大，不做螺丝钉。 \n', ' \n', '首先 非常感谢您关注我们公司的职位，另需同步的是：我们在招目前使用java/python/C/PHP等语言并且愿意转golang的候选人。 \n', '其次，我们公司非常乐意与各位小伙伴分享关于golang的一些技术、培训和项目经验。 \n', '以及我们会根据不同的小伙伴来制定不同的培训计划以及目标。 \n', ' \n', '所以，如果您有兴趣 欢迎投递简历。 \n', ' \n', '你的工作/职责可能包括 （看你兴趣咯） \n', '1、创建和维护Restful API \n', '2、连接底层架构（包括但不限于PostgreSQL, Elasticsearch, kafka, redis, hadoop) 中间件开发、维护和监控 \n', '3、高并发回测系统的开发和测试 \n', ' \n', '我们希望你 \n', '1、富有严密的逻辑推理能力，享受思考的乐趣，喜欢折腾各种新奇有趣的事物 \n', '2、本科以上学历 计算机相关专业 \n', '3、拥有扎实的理论功底 \n', '4、熟练掌握python, git \n', ' \n', '对自己的学习能力充满信心！ \n', '如果你恰好又 \n', '1、熟悉linux \n', '2、能够写出结构化，易维护的代码 \n', '3、在开源项目中有点贡献 \n', ' \n', '那我们会优先考虑你哦~ \n', ' \n', ' \n', '总体介绍 \n', '- 我们是全球领先的Web3金融软件提供商，对标FIS, SS&C, 恒生电子等传统金融软件上市公司，是该领域在亚洲的领跑企业，业务已经涉及北美，欧洲，中东，南美等地区 \n', ' \n', '- 目前已服务全球40+Web 3 金融机构，总资产承载规模200亿美金+，20-21年业绩增长超8倍 \n', ' \n', '- 团队已经在金融科技领域有成功的创业案例 & 稳定性高, 其中核心成员来自新加坡南洋理工，芝加哥大学，清华大学、复旦大学和同济大学等知名高校，核心团队有6年+的金融市场IT基建研发经验，及10年+的传统金融系统服务经验，此前任职于Morgan Stanley、字节跳动、McKinsey、Refinitiv、恒生电子等 \n', ' \n', '- 公司已完成一轮1000万+美金融资，直接股东包括知名Fintech公司、交易所、基金、间接股东包括高盛、淡马锡、国家金融公司(IFC) \n', ' \n', '公司亮点： \n', '- 超高速增长的Web3金融行业与业务，工作节奏快，学习曲线陡峭 \n', '- 对新一代全球金融市场参与的机构类型以及各业务线建立认知，了解最新市场行业趋势 \n', '- 凭借优质资源，建立与全球领先金融机构资源网络，未来职业上升空间巨大']"
睿云联,Python开发工程师 ,12k-24k,厦门,经验3-5年,['本科及以上 /'],"['人工智能,工具,物联网', '不需要融资', '150-500人']",https://www.lagou.com/wn/jobs/10289860.html?show=47e2e36d309246e5a3a7549e53a1f0d7,"['岗位职责： \n', '1、负责智能家居终端产品后台服务研发； \n', '2、与相关部门沟通，确定具体软件需求，撰写技术方案和系统设计、编码与发布，完成相关技术文档编写； \n', '3、持续对系统架构进行改造和优化； \n', '4、通过自动化工具及流程提升工作效率，根据需要编写服务的测试脚本、升级脚本等。 \n', ' \n', '任职要求： \n', '1、本科及以上学历，计算机、电子、通信等相关专业，3年及以上python编程经验； \n', '2、具备良好的基本功，熟练使用基本的数据结构和算法，深入理解多线程、Socket等相关技术； \n', '3、精通Python语言，熟练使用Python标准库和流行的第三方库； \n', '4、熟悉Internet常用协议，如HTTP、TCP/IP等； \n', '5、责任心强，良好的逻辑思维能力，清晰的交流和表达能力，具有良好的团队合作意识； \n', '6、对代码和设计质量有严格要求，重视CodeReview，良好的编程习惯； \n', '7、有以下经验者优先： \n', '①具有物联网集成实际工作经验； \n', '②具有智能家居相关实际工作经验；']"
云孚科技,python开发工程师 ,6k-12k,广州,经验不限,['本科及以上 /'],"['人工智能服务', '不需要融资', '15-50人']",https://www.lagou.com/wn/jobs/8789620.html?show=47e2e36d309246e5a3a7549e53a1f0d7,"['【岗位职责】\n', '\n', '1. NLP系统后台开发。\n', '\n', '2. 业务系统后台开发。\n', '\n', '3.产品的部署、调试、现场技术指导、故障分析和排除等。\n', '\n', '4.为客户提供技术指导和培训，帮助客户解决技术问题。\n', '\n', '5.对已上线系统进行定期巡检和售后问题分析处理。\n', '\n', '6.了解客户业务需求，提供解决方案及技术建议方案。\n', '\n', '7.有驻场经验者优先。\n', '\n', '\n', '\n', '【任职要求】\n', '\n', '1. 本科及以上学历，计算机或相关专业。\n', '\n', '2. 较强的编码能力，熟悉Python。\n', '\n', '3. 学习能力强，有创业心态。\n', '\n', '4.熟悉Linux，能动手调试和解决Linux中遇到的各种问题。\n', '\n', '5.熟悉docker、kubernetes、nginx、mysql等常用软件部署方式者优先。\n', '\n', '6.有Linux部署经验，具备互联网公司工作经验优先。\n', '\n', '7.优秀的沟通能力和自我管理的能力，能独立在客户现场工作。\n', '\n', '8.熟悉前端语言者优先。\n', '\n', '\n', '\n']"
达观数据,python开发 ,6k-12k,长沙,经验1年以下,['本科及以上 /'],"['人工智能服务,数据服务｜咨询', 'C轮', '中信、招商、广发、中信建投、深创投、弘卓资本、襄禾资本、尚A资本、众麟资本、联想之星和阳光保险集团(C轮)，完成B+轮融资，由深创投领投、软银赛富、晨山资本、众麟资本等跟投(B轮)，软银赛富、方广资本、真格基金、众麟资本(A轮)，获得真格基金领投 1000万天使投资(天使轮)']",https://www.lagou.com/wn/jobs/10116665.html?show=47e2e36d309246e5a3a7549e53a1f0d7,"['岗位职责： \n', '1. 负责 RPA 项目的安装、配置、调试工作； \n', '2. 负责与产品研发团队密切合作，参与产品功能设计； \n', '3. 负责 RPA 实施或测试的需求调研工作，并对需求进行评估，制定实施计划； \n', '4. 负责根据实施计划完成现场实施以及测试工作； \n', '5. 完成工作相关技术文档； \n', '6. 协调公司内部资源，确保项目按既定计划指定； \n', '7. 完成上级领导安排的其他工作任务； \n', ' \n', '岗位要求 \n', '1. 本科以上学历，计算机相关专业； \n', '2. 有 Python 编程基础； \n', '3. 有项目管理经验优先； \n', '4. 具备出色的沟通能力、实施能力和团队意识； \n', '5. 能够适应长短期出差的工作安排，出差地根据项目而定']"
云孚科技,Python开发工程师 ,10k-20k,北京,经验1-3年,['本科及以上 /'],"['人工智能服务', '不需要融资', '15-50人']",https://www.lagou.com/wn/jobs/9824140.html?show=47e2e36d309246e5a3a7549e53a1f0d7,"['【岗位职责】\n', '1. 负责人工智能系统的后端开发和维护；\n', '2. 按项目需求完成编码和单元测试等工作；\n', '3. 参与技术设计讨论会，主导设计和实现部分模块。\n', '\n', '【任职要求】\n', '1. 一年及以上Python研发经验；\n', '2. 熟悉Python常用基础库，熟悉Django、FastAPI等常用框架；\n', '3. 熟练使用Linux编程环境；\n', '4. 学习能力强、责任心强、逻辑思维清晰、具备独立解决问题能力。\n']"
墨云科技,python开发工程师 ,20k-40k,北京,经验3-5年,['本科及以上 /'],"['人工智能服务', 'B轮', '高瓴创投，将门创投，蓝驰创投(B轮)，嘉御基金，蓝驰创投，联想之星(B轮)，蓝驰创投(A轮)，联想之星领投(A轮)，实力机构投资(天使轮)']",https://www.lagou.com/wn/jobs/6804363.html?show=47e2e36d309246e5a3a7549e53a1f0d7,"['岗位职责：', '1、负责公司产品相关功能开发实现；', '2、restful api接口设计开发工作；', '3、负责解决开发过程中的技术问题；', '任职要求：', '1、本科及以上学历，计算机相关专业；', '2、具有3年以上python语言开发经验并熟练运用相关技术框架如flask、django等；', '3、追求良好的代码质量和规范，熟悉常见的重构、模式、TDD、restful api最佳实践；', '4、熟悉常见的中间件如消息队列rabbitMQ、ES、Neo4j开发技术栈；', '5、有Go、Linux Shell 开发经验者优先；', '6、强烈的责任心，良好的团队协作精神，优秀的表达和沟通能力、乐于接受挑战，能承受工作压力 ；', '7、有B2B安全产品开发经验者加分；']"
发业信息,python开发工程师 ,15k-20k,广州,经验3-5年,['本科及以上 /'],"['专业服务｜咨询', '未融资', '50-150人']",https://www.lagou.com/wn/jobs/10085180.html?show=47e2e36d309246e5a3a7549e53a1f0d7,"['工作职责： \n', '1、根据产品需求,独立负责项目架构设计、编码开发； \n', '2、根据开发过程中的体验对产品提出建议，对功能及技术优化改进。 \n', ' \n', '岗位要求： \n', '1、熟练python语言,熟练使用一种Web框架开发 ( Fastapi ,Tornado,Flask,django等)； \n', '2、熟练HTML、CSS、Javascript、jQuery、AJAX、JSON、Vue、Node、NPM等前端技术。 \n', '3、熟练使用MySQL、MongoDB、HBase、Redis等关系/非关系数据库的使用，了解基本的数据库设计、优化原则，python的数据交互； \n', '4、熟悉Linux开发作为日常开发环境和Git代码管理工具,nginx部署； \n', '5、学历要求：**本科及以上，计算机相关专业； \n', '6、工作经验：至少2年以上相关工作经验,有独立项目开发经验； \n', '7、为人踏实认真，具有良好的分析问题和解决问题的能力，对新技术有强烈的求知欲望，乐于钻研，善于分享。']"
金蝶账无忧,Python开发工程师 ,13k-20k,深圳,经验3-5年,['本科及以上 /'],"['企业服务', '不需要融资', '50-150人']",https://www.lagou.com/wn/jobs/7135315.html?show=47e2e36d309246e5a3a7549e53a1f0d7,"['岗位职责:', '1.\xa0设计并开发票税相关业务系统的网站接口抓取、逆向分析或自动化登录服务维护；', '2.负责机器人弹性伸缩开关机与登录服务运行监控与预警;', '3、针对存在规范、设计、性能和安全问题的代码进行重构和优化', '任职资格:', '1、\xa0三年以上基于Python的后端开发工作经验，计算机相关专业本科以上学历', '2、熟悉Flask或Tornado开发框架，有爬虫、验证码识别或大数据分析统计等相关工作经验优先考虑', '3、\xa0掌握html、js、css等前端开发技术', '4、熟悉Oracle,MySQL至少一种数据库的设计和开发', '5、良好的沟通能力及团队合作精神，能承担较强工作压力']"
杉数科技,Python开发工程师 ,10k-20k,上海,经验1-3年,['本科及以上 /'],"['数据服务｜咨询,人工智能服务', 'C轮', '高达投资（Pagoda Investment）领投，将门创投、联想创投跟投(A轮)，真格基金领投，北极光创投跟投。(天使轮)']",https://www.lagou.com/wn/jobs/5191954.html?show=47e2e36d309246e5a3a7549e53a1f0d7,"['【岗位职责】\n', '\n', '1、核心算法模型实现。\n', '\n', '2、算法后台API系统设计开发和维护。\n', '\n', '3、对代码质量及项目进度负责。\n', '\n', '4、根据项目需求进行数据分析与技术支持\n', '\n', '5、使用主要编程语言python，负责web应用开发的技术工作\n', '\n', '\n', '\n', '【任职要求】\n', '\n', '1、本科以上学历，1-3年Python相关开发经验，至少熟练使用一种常用的Web框架，如Flask、Django、Tornado。\n', '\n', '2、熟练使用Mysql、Postgresql、Redis等数据库，能熟练进行数据库设计与优化 。\n', '\n', '3、有较为广泛的知识体系，包括但不限于：多种编程语言（JAVA），服务端常用框架及代码库，操作系统相关。\n', '\n', '4、除扎实编程基础以外，需要懂一定算法。\n', '\n', '5、有数据分析和运筹优化相关经验优先。\n', '\n', '6、扎实的编程基础，懂算法，热爱编程\n', '\n', '7、有强烈的自我驱动能力和自学能力，乐于接受挑战，能够承受压力。\n']"
信永中和,Python开发工程师 ,15k-25k,北京,经验3-5年,['本科及以上 /'],"['专业服务｜咨询', '不需要融资', '2000人以上']",https://www.lagou.com/wn/jobs/5158022.html?show=47e2e36d309246e5a3a7549e53a1f0d7,"['职位诱惑： \n', '1、 你将加入的是一支具备深度数据分析、大数据与人工智能领域的核心团队 \n', '2、 你将面对是来自国内央企和大型国企的信息化需求 \n', '3、 你将成为兼具技术与行业理解的复合型人才 \n', '4、 你的晋升评估和绩效考核会被科学和客观的评估 \n', '5、 对有项目和工作经历的你：我们需要你思维敏锐、持续挑战技术难点的热情。 \n', '6、 对刚毕业和刚完成培训的你：我们需要你好学、对技术充满热情、并有自己的学习和经验成长的规划甚至挑战目标。 \n', ' \n', '专业要求：计算机、信息系统、数学、统计学及相关专业 \n', ' \n', ' \n', '岗位职责： \n', '1、设计和开发面向前端的Restful服务 \n', '2、配合产品和前端设计产品交互和接口设计方案 \n', '3、某些业务逻辑需要异步调用第三方服务 \n', '4、要对自己的模块技术质量负责，要关注最终相关的产品用户体验。 \n', '5、要对产品的业务发展有一定关注 \n', '岗位要求 \n', '0、**本科学历，211优先，计算机专业优先。 \n', '1、优秀的自我驱动与主动学习能力。 \n', '2、强悍的debug问题解决能力 \n', '3、有良好的编程理念和项目架构设计意识。 \n', '4、Python Django纯熟，能够快速掌握DjangoRestFramework，或者熟悉其它Web快速开发框架。 \n', '5、对Restful服务设计理论和方法有一定深度的理解，熟悉HTTP协议。 \n', '6、对自己写的代码要能理解，对使用的技术要有一定深度的理解,有一定的代码分析和优化能力 \n', '7、对相关业务设计和实现技术方案，需要异步远程调用第三方API，得能和前端端及产品人员沟通，能对设计提出建议，可以自己做一定程度的技术设计方案。 \n', '8、熟悉SQL，对RDB、NoSQL有一定理解。 \n', '9、理解异步后台任务实现机制。 \n', '10、熟悉Linux基本操作和运维。 \n', '11、有成熟的技术意识和观点，客观理性、实事求是。 \n', '加分项： \n', '能看懂Java、Go、Node.js、C++等后端代码加分 \n', '有互联网创业产品技术工作经验加分 \n', '有NewSQL数据库应用开发经验加分 \n', '有任务消息队列经验加分 \n', '有前端开发经验加分 \n', '熟悉Django Channels加分 \n', '有数据分析、数据挖掘、自然语言处理经验者加分']"
多益网络,python开发工程师 ,9k-18k,广州,经验不限,['学历不限 /'],"['游戏', '不需要融资', '2000人以上']",https://www.lagou.com/wn/jobs/7939430.html?show=47e2e36d309246e5a3a7549e53a1f0d7,"['【广州】 \n', '方向一： \n', '1、参与分布式爬虫和数据采集系统的架构设计和开发； \n', '2、负责网络数据抓取规划、定期爬取指定网站的数据； \n', '3、设计爬虫策略和防屏蔽规则，提升网页抓取的效率和质量； \n', '4、参与数据层建设，专注于垂直领域数据爬取，进行多平台信息的抓取和分析； \n', '5、实现数据提取、清洗、结构化、入库、统计分析等需求； \n', '6、研究优化算法，提升爬虫系统的稳定性、可扩展性。 \n', '方向二： \n', '负责游戏自动化测试工具及平台的后台开发工作，dev-ops+测试自动化。 \n', '【武汉】 \n', '1、参与Python分布式爬虫和数据采集系统的架构设计、开发和维护。 \n', '2、参与Python数据平台、Web服务、机器学习等相关开发工作。 \n', '岗位要求： \n', '【广州】 \n', '方向一： \n', '1、计算机相关专业，有爬虫和反爬虫开发经验优先，有App爬取经验优先； \n', '2、熟悉linux平台开发，精通Python，熟悉常用的爬虫框架和工具； \n', '3、熟悉MongoDB、Redis、Mysql，掌握MQ，了解HBase、KAFKA等； \n', '4、熟悉HTTP协议，熟悉正则表达式、XPath、CSS选择器等，了解常用验证码识别技术； \n', '5、能独立解决实际开发过程碰到的各类问题。 \n', '方向二： \n', '1、计算机相关专业毕业； \n', '2、熟练掌握Python编程，有一定的web后台开发经验者尤佳； \n', '3、热爱游戏，对参与游戏自动化测试开发领域有热忱。 \n', '【武汉】 \n', '1、计算机相关专业。 \n', '2、能熟练使用Python语言开发；有阅读和理解Python代码的能力。 \n', '3、能够独立分析大型网站页面结构，并完成所需数据的爬取、分析、筛选、储存功能。 \n', '4、熟悉Mysql等至少一种关系型数据库。熟悉Redis、MongoDB等数据库者优先。 \n', '5、熟悉Falsk/Tornado/Django等Web开发框架者优先。 \n', '6、熟悉数据挖掘、自然语言处理、信息检索、机器学习等技术者优先。 \n', '7、有良好的学习能力，能够根据需求学习新技术并应用于开发。 \n', '提示：公司实行全面禁烟制度，吸烟者需戒烟后才能入职']"
发业信息,python开发工程师 ,15k-20k,广州,经验3-5年,['本科及以上 /'],"['专业服务｜咨询', '未融资', '50-150人']",https://www.lagou.com/wn/jobs/10085180.html?show=47e2e36d309246e5a3a7549e53a1f0d7,"['工作职责： \n', '1、根据产品需求,独立负责项目架构设计、编码开发； \n', '2、根据开发过程中的体验对产品提出建议，对功能及技术优化改进。 \n', ' \n', '岗位要求： \n', '1、熟练python语言,熟练使用一种Web框架开发 ( Fastapi ,Tornado,Flask,django等)； \n', '2、熟练HTML、CSS、Javascript、jQuery、AJAX、JSON、Vue、Node、NPM等前端技术。 \n', '3、熟练使用MySQL、MongoDB、HBase、Redis等关系/非关系数据库的使用，了解基本的数据库设计、优化原则，python的数据交互； \n', '4、熟悉Linux开发作为日常开发环境和Git代码管理工具,nginx部署； \n', '5、学历要求：**本科及以上，计算机相关专业； \n', '6、工作经验：至少2年以上相关工作经验,有独立项目开发经验； \n', '7、为人踏实认真，具有良好的分析问题和解决问题的能力，对新技术有强烈的求知欲望，乐于钻研，善于分享。']"
微创软件,python开发工程师 ,15k-20k,深圳,经验1-3年,['本科及以上 /'],"['IT技术服务｜咨询', '不需要融资', '2000人以上']",https://www.lagou.com/wn/jobs/10541820.html?show=47e2e36d309246e5a3a7549e53a1f0d7,"['外包百度 \n', '工作职责： \n', '- 负责自然语言处理技术在行业场景应用上的落地，包括解决方案设计、架构设计与开发工作。 \n', '职责要求： \n', ' - 计算机或计算机相关专业本科及以上学历，2年左右相关工作经验； \n', ' - 有较强的算法基础和编码能力，熟练掌握Python、C++等编程语言，熟悉Linux环境开发； \n', ' - 有自然语言处理、机器学习相关项目背景，熟练使用一种或几种深度学习框架（如PaddlePaddle，Tensorflow， Pytorch）优先； \n', ' - 有过pdf、word、excel等格式文档解析成熟项目经验者优先； \n', ' - 有丰富的字符串处理项目开发经验者优先； \n', ' - 具备优秀的分析问题和解决问题的能力，对解决具有挑战性问题充满激情； \n', ' - 具备良好的团队合作精神和沟通意识。']"
外企德科人力资源服务,python开发工程师 ,14k-28k,长沙,经验1-3年,['本科及以上 /'],"['企业服务', '未融资', '2000人以上']",https://www.lagou.com/wn/jobs/10543066.html?show=47e2e36d309246e5a3a7549e53a1f0d7,"['岗位职责 \n', '1、负责智能汽车车载AR-HUD、智能大灯、桌面显示等新产品的软件模块设计与开发，按照产品计划，按时、高质量完成产品开发工作。 \n', '2、负责新产品驱动软件设计、开发和维护工作。 \n', '3、负责软件架构优化，关键技术疑难问题解决、系统性能优化、功耗优化等。 \n', ' \n', '专业知识与业务技能要求 \n', '1、具备软件开发经验，有良好的计算机、软件工程领域知识基础，掌握常见的软件开发流程。 \n', '2、具备良好的学习能力，分析解决问题能力，具备高度的责任心和团队合作精神。 \n', '3、精通C/C++/JAVA/Python等主流软件开发语言之一。']"
外企德科人力资源服务,python开发工程师 ,15k-30k,杭州,经验1-3年,['本科及以上 /'],"['企业服务', '未融资', '2000人以上']",https://www.lagou.com/wn/jobs/10540379.html?show=47e2e36d309246e5a3a7549e53a1f0d7,"['1.掌握Python编程语言，具有完整开发、搭建并维护后端系统的经验，能熟练使用Flask、Django等框架； \n', '2.熟练掌握MySQL，Redis，Mongo等常用数据库, 具备MySQL索引优化、查询优化的能力; \n', '3.熟练使用基本的数据结构和算法, 深入理解多线程、Socket等相关技术; \n', '4.具有良好的业务梳理和抽象能力, 掌握重构代码基本功; \n', '5.熟悉Internet常用协议, 如HTTP、TCP/IP; \n', '6.熟悉GIT等版本控制工具； \n', '7.较强的责任心和抗压能力； \n']"
问点事,python开发工程师 ,4k-8k,杭州,在校/应届,['本科及以上 /'],"['软件服务｜咨询,数据服务｜咨询,IT技术服务｜咨询', '未融资', '15-50人']",https://www.lagou.com/wn/jobs/8936231.html?show=47e2e36d309246e5a3a7549e53a1f0d7,"['1. 本科及以上学历，2021届毕业生，计算机、数学、物理、电子工程相关专业\n', '2. 扎实的计算机科学基础，掌握数据结构和算法；\n', '3. 熟悉Python，有代码编写能力\n', '4. 熟悉JavaScript，有代码编写能力\n', '5. 有良好的沟通能力和团队合作精神；\n', '6. 有比较强的学习能力和技术钻研精神。']"
金证睿服,python开发工程师 ,12k-20k,深圳,经验3-5年,['本科及以上 /'],"['软件服务｜咨询', '上市公司', '2000人以上']",https://www.lagou.com/wn/jobs/10542340.html?show=47e2e36d309246e5a3a7549e53a1f0d7,"['岗位要求： \n', '1、***本科及以上学历，计算机或金融工程相关专业优先； \n', '2、有基金、券商等相关工作经验优先，对指数有一定了解优先； \n', '3、熟练掌握Python语言，基础良好，熟练使用pandas、numpy等数据分析工具； \n', '4、熟练使用Oracle，有良好的sql编写能力； \n', '5、熟悉django、flask等主流开源框架技术； \n', '6、良好的语言表达和沟通能力，富有团队合作精神； \n', '7、具备较强的独立工作能力，做事认真负责有耐心。 \n', '岗位描述： \n', '协助进行ETF投资管理系统开发及后台运维工作。 \n', '福利待遇： \n', '1、上班时间：朝九晚六及周六日双休； \n', '2、社会保险：员工入职即购买五险一金； \n', '3、年假：员工入职满一年即享受年假； \n', '4、礼品：节日公司发放购物卡或礼品卡；']"
美市科技,python开发工程师 ,12k-20k,武汉,经验3-5年,['本科及以上 /'],"['数据服务｜咨询', 'B轮', '国鑫创投(B轮)，上海联创、复之硕投资(A轮)']",https://www.lagou.com/wn/jobs/10540946.html?show=47e2e36d309246e5a3a7549e53a1f0d7,"['岗位职责： \n', '1 、参与金融指标体系建设预研 \n', '2 、参与指标计算的实现 \n', '3 、对系统实施能够进行优化和演进 \n', ' \n', '岗位要求： \n', '1 、3年左右python开发经验 \n', '2 、211， 本科计算机，金融，数学相关专业 \n', '3 、较强的沟通能力，抗压能力，团队协作能力 \n', '4 、有金融指标计算经验优先 \n', '5 、积极进取，自驱力强 \n', ' \n', ' \n', '公司福利： \n', '1、签订劳动合同、缴纳六险一金、丰厚的年度绩效奖金； \n', '2、友好的工作氛围、扁平化的管理； \n', '3、技术大牛常伴身边、海龟学霸朝夕相对； \n', '4、办公环境舒适、地理位置优越； \n', '5、花式团建聚餐和免费的咖啡茶水小零食。']"
设计院,python工程师 ,8k-15k,广州,经验1-3年,['本科及以上 /'],"['软件服务｜咨询,IT技术服务｜咨询', '上市公司', '2000人以上']",https://www.lagou.com/wn/jobs/5393723.html?show=47e2e36d309246e5a3a7549e53a1f0d7,"['岗位职责： \n', ' \n', '1、后端实现，保障稳定性、性能。包括需求分析分解、设计、开发； \n', ' \n', '2、与产品其他部分联动，使用规范的流程思维，定义接口设计并跟进完成； \n', ' \n', '3、处理服务端开发中的常见问题。 \n', ' \n', ' \n', ' \n', '任职要求： \n', ' \n', '1、计算机相关专业本科及以上学历； \n', ' \n', '2、精通Python语言，有PYTHON WEB开发相关经验； \n', ' \n', '3、熟悉MVC架构，精通Django或者其他Python Web开发框架； \n', ' \n', '4、 熟悉HTML、CSS、Javascript、VUE等前端技术； \n', ' \n', '5、 有CMDB开发经验者优先； \n', ' \n', '6、具备良好的编码习惯及开发文档书写习惯。 \n', ' \n', ' \n', ' \n', '备注：需驻点客户现场办公 \n']"
云天励飞,Python开发工程师 ,30k-40k,深圳,经验3-5年,['本科及以上 /'],"['智能硬件,人工智能服务,物联网', '上市公司', '真格基金(天使轮)']",https://www.lagou.com/wn/jobs/5143659.html?show=47e2e36d309246e5a3a7549e53a1f0d7,"['岗位职责：\n', '\n', '1、参与后台服务的设计、开发、优化等研发工作\n', '\n', '2、与PM、算法及前端开发人员协同工作，保证产品的质量和开发进度\n', '\n', '3、对产品进行持续优化\n', '\n', '任职要求;\n', '\n', '1、精通Python语言，有Web后台服务开发的实际项目经验\n', '\n', '2、熟练掌握至少一门Python Web开发框架（Tornado、Django、Flask等\n', '\n', '3、熟练使用至少一种数据库（MySQL/PostgreSQL/Redis/MongoDB)\n', '\n', '4、有独立分析和解决问题的能力，有良好的团队合作精神\n', '\n', '5、985、211学校优先考虑\n']"
弘连网络,python开发工程师 ,10k-20k,上海,经验1-3年,['本科及以上 /'],"['数据服务｜咨询', 'A轮', '150-500人']",https://www.lagou.com/wn/jobs/7939699.html?show=47e2e36d309246e5a3a7549e53a1f0d7,"['岗位职责：\n', ' 1.本职位主要是参与电子数据取证/分析产品模块设计和研发；\n', ' 2.主语言是python，但会涉及go，要求代码能同时运行Windows与Linux平台；\n', ' 3.根据项目计划按时完成软件开发和单元测试工作以及Bug修复；\n', ' 4.不断学习并运用新的知识提升产品竞争力。\n', '任职要求：\n', ' 1.本科及以上学历，思维清晰，沟通良好，具备良好的分析、理解、解决问题的能力；\n', ' 2.理解数组，链表，树的等基本数据结构。了解设计模式；\n', ' 3.至少有python 1年以上实际项目经验；\n', ' 4.了解Linux常用命令，了解TCP/IP协议簇；\n', ' 5.熟悉git基本操作。\n', '\n', '加分项：\n', ' 1.维护技术博客/公众号，或者有开源项目者优先；\n', ' 2.有C++/go开发基础者；\n', ' 3.有Linux下开发经验者；\n', ' 4.有Windows维护经验者（了解注册表，Powershell之类）。']"
金蝶账无忧,Python开发工程师 ,13k-20k,深圳,经验3-5年,['本科及以上 /'],"['企业服务', '不需要融资', '50-150人']",https://www.lagou.com/wn/jobs/7135315.html?show=47e2e36d309246e5a3a7549e53a1f0d7,"['岗位职责:', '1.\xa0设计并开发票税相关业务系统的网站接口抓取、逆向分析或自动化登录服务维护；', '2.负责机器人弹性伸缩开关机与登录服务运行监控与预警;', '3、针对存在规范、设计、性能和安全问题的代码进行重构和优化', '任职资格:', '1、\xa0三年以上基于Python的后端开发工作经验，计算机相关专业本科以上学历', '2、熟悉Flask或Tornado开发框架，有爬虫、验证码识别或大数据分析统计等相关工作经验优先考虑', '3、\xa0掌握html、js、css等前端开发技术', '4、熟悉Oracle,MySQL至少一种数据库的设计和开发', '5、良好的沟通能力及团队合作精神，能承担较强工作压力']"
慧博云通,python开发工程师 ,16k-17k,广州,经验3-5年,['大专及以上 /'],"['IT技术服务｜咨询', '未融资', '2000人以上']",https://www.lagou.com/wn/jobs/10119645.html?show=47e2e36d309246e5a3a7549e53a1f0d7,"['AIA项目 \n', ' \n', '需要3个python岗位 \n', ' \n', '一个需要会前端，属于前端+Python \n', ' \n', '工作1年以上，英语口语好，需要直接对接外国人； \n', ' \n', ' \n', '一个需要愿意rpa开发，英语口语好 \n', ' \n', '工作5年以上 \n', ' \n', ' \n', '一个需要excel VBA \n', ' \n', '工作3年以上 \n', ' \n', ' \n', '薪资待遇： \n', ' \n', '入职直接缴纳六险一金；每年度免费体检；国家法定日均有； \n', ' \n', '弹性工作7小时；午休2小时；固定双休；具体详谈~']"
多益网络,python开发工程师 ,9k-18k,广州,经验不限,['学历不限 /'],"['游戏', '不需要融资', '2000人以上']",https://www.lagou.com/wn/jobs/7939430.html?show=47e2e36d309246e5a3a7549e53a1f0d7,"['【广州】 \n', '方向一： \n', '1、参与分布式爬虫和数据采集系统的架构设计和开发； \n', '2、负责网络数据抓取规划、定期爬取指定网站的数据； \n', '3、设计爬虫策略和防屏蔽规则，提升网页抓取的效率和质量； \n', '4、参与数据层建设，专注于垂直领域数据爬取，进行多平台信息的抓取和分析； \n', '5、实现数据提取、清洗、结构化、入库、统计分析等需求； \n', '6、研究优化算法，提升爬虫系统的稳定性、可扩展性。 \n', '方向二： \n', '负责游戏自动化测试工具及平台的后台开发工作，dev-ops+测试自动化。 \n', '【武汉】 \n', '1、参与Python分布式爬虫和数据采集系统的架构设计、开发和维护。 \n', '2、参与Python数据平台、Web服务、机器学习等相关开发工作。 \n', '岗位要求： \n', '【广州】 \n', '方向一： \n', '1、计算机相关专业，有爬虫和反爬虫开发经验优先，有App爬取经验优先； \n', '2、熟悉linux平台开发，精通Python，熟悉常用的爬虫框架和工具； \n', '3、熟悉MongoDB、Redis、Mysql，掌握MQ，了解HBase、KAFKA等； \n', '4、熟悉HTTP协议，熟悉正则表达式、XPath、CSS选择器等，了解常用验证码识别技术； \n', '5、能独立解决实际开发过程碰到的各类问题。 \n', '方向二： \n', '1、计算机相关专业毕业； \n', '2、熟练掌握Python编程，有一定的web后台开发经验者尤佳； \n', '3、热爱游戏，对参与游戏自动化测试开发领域有热忱。 \n', '【武汉】 \n', '1、计算机相关专业。 \n', '2、能熟练使用Python语言开发；有阅读和理解Python代码的能力。 \n', '3、能够独立分析大型网站页面结构，并完成所需数据的爬取、分析、筛选、储存功能。 \n', '4、熟悉Mysql等至少一种关系型数据库。熟悉Redis、MongoDB等数据库者优先。 \n', '5、熟悉Falsk/Tornado/Django等Web开发框架者优先。 \n', '6、熟悉数据挖掘、自然语言处理、信息检索、机器学习等技术者优先。 \n', '7、有良好的学习能力，能够根据需求学习新技术并应用于开发。 \n', '提示：公司实行全面禁烟制度，吸烟者需戒烟后才能入职']"
柏美迪康上海,python开发工程师 ,25k-35k,上海,经验3-5年,['本科及以上 /'],"['能源｜矿产｜环保', '上市公司', '150-500人']",https://www.lagou.com/wn/jobs/10070116.html?show=47e2e36d309246e5a3a7549e53a1f0d7,"['Python开发工程师 \n', '岗位职责： \n', '1、设计和开发扩展性良好的Python应用，进行算法模型部署和产品开发； \n', '2、调试和维护部门开发的Python应用，处理用户的反馈问题； \n', '3、相关技术说明和过程文档的撰写和归纳整理。 \n', ' \n', '岗位要求： \n', '1、熟练掌握Python编程语言，3年及以上解决实际问题的代码编写经验，熟悉编码规范，具备良好的文档编写能力； \n', '2、熟练掌握Flask、Django等Web框架，具有实际的项目经验； \n', '3、熟悉SQL语法，熟练掌握PostgreSQL/MySQL/Oracle/MongoDb等任一数据库； \n', '4、熟悉云服务开发，熟悉RabbitMQ/Kafka/Redis等常用组件； \n', '5、熟悉Hadoop/Hbase/Flink的使用，有项目经验的优先； \n', '6、熟悉Vue等框架的优先； \n', '7、有Devops开发经验的优先。 \n', ' \n', ' 【公司福利】 \n', '五险一金、绩效工资、年终奖金、员工激励计划、午餐补贴、加班晚餐补贴、加班打车费报销、每月团建读书会、国内旅游、年终海外游、生日礼金、定期体检、公司免费茶点、员工定制西装、年会超级大奖 \n']"
westwell西井科技,Python工程师 ,15k-30k,上海,经验3-5年,['本科及以上 /'],"['人工智能服务', 'D轮及以上', '越秀产业基金、中交资本、和高资本、广西广投、深投控(D轮及以上)，合力投资、浪潮资本、雄韬股份、安信乾宏-安信证券、和高资本(和凯创投)(C轮)，十维资本、上海联硒企业管理中心、深圳景熙瑞盛一号投资(B轮)，复星同浩(A轮)']",https://www.lagou.com/wn/jobs/1256681.html?show=47e2e36d309246e5a3a7549e53a1f0d7,"['岗位职责： \n', '1. 设计、创造执行基于Python语言的应用； \n', '2. 根据项目要求编译高质量代码以实现功能； \n', '3. 确保项目代码编写进度； \n', '4. 协助上级完成其他安排的工作内容。 \n', ' \n', '任职要求： \n', '1. 计算机、电子电气、自动化、测控技术、车辆工程等相关专业，本科及以上学历，3年及以上工作经验； \n', '2. 熟悉Linux系统操作，熟悉Shell/Python的脚本编写，熟练使用git/docker等工具 \n', '3. 熟悉ADAS／自动驾驶的系统架构与功能，熟悉常用传感器工作原理和功能，熟悉相关测试流程和测试工具； \n', '4. 有良好的文档能力，善于进行问题的提炼和表达，具备良好的沟通与团队协作能力 \n', '5. 有毅力，能对一个bug持之以恒地追踪、复测并最终解决。 \n', '6. 基本的英语读写能力。 \n']"
谷露软件,python开发工程师 ,15k-30k,上海,经验1-3年,['本科及以上 /'],"['工具类产品', 'A轮', '双湖资本、真成投资(A轮)，真格基金，云天使基金(A轮,天使轮)']",https://www.lagou.com/wn/jobs/10057246.html?show=47e2e36d309246e5a3a7549e53a1f0d7,"['我们是一群什么样的人？ \n', '我们是一群有灵魂的代码写手，希望通过代码改变产品、改变世界； \n', '我们渴望取得商业价值的成功，通过代码提供高质量的产品给到客户； \n', '我们钦佩拥有深厚算法和数据结构工地的工程师，然而世界的复杂性却远比这样的知识更加复杂，我们希望能够在世界的复杂性中找到极限简单的真谛； \n', '这是一群致力于改变，敢于迎接挑战的人，期待你和我们一起改变世界。 \n', ' \n', '职位诱惑： \n', '真正的工程师文化，优质团队 \n', '我们想找玩转源码的同类人，而非只会用框架的大多数~ \n', ' \n', '工作职责： \n', '配合团队其他成员进行模块开发及整合 \n', '独立完成后台服务功能模块的设计与开发 \n', '开发和维护自动化运维工具 \n', '开发和维护谷露招聘管理系统 \n', ' \n', '任职要求： \n', '具备扎实的语言、数据结构、数据库、网络等基础知识； \n', '逻辑条理性强，具备良好的沟通能力 ； \n', '熟悉web开发优先 ； \n', 'Full Stack优先 ； \n', '有项目经验优先 ； \n', '热爱技术，追求**者优先。']"
多益网络,python开发工程师 ,9k-18k,广州,经验不限,['学历不限 /'],"['游戏', '不需要融资', '2000人以上']",https://www.lagou.com/wn/jobs/7939430.html?show=47e2e36d309246e5a3a7549e53a1f0d7,"['【广州】 \n', '方向一： \n', '1、参与分布式爬虫和数据采集系统的架构设计和开发； \n', '2、负责网络数据抓取规划、定期爬取指定网站的数据； \n', '3、设计爬虫策略和防屏蔽规则，提升网页抓取的效率和质量； \n', '4、参与数据层建设，专注于垂直领域数据爬取，进行多平台信息的抓取和分析； \n', '5、实现数据提取、清洗、结构化、入库、统计分析等需求； \n', '6、研究优化算法，提升爬虫系统的稳定性、可扩展性。 \n', '方向二： \n', '负责游戏自动化测试工具及平台的后台开发工作，dev-ops+测试自动化。 \n', '【武汉】 \n', '1、参与Python分布式爬虫和数据采集系统的架构设计、开发和维护。 \n', '2、参与Python数据平台、Web服务、机器学习等相关开发工作。 \n', '岗位要求： \n', '【广州】 \n', '方向一： \n', '1、计算机相关专业，有爬虫和反爬虫开发经验优先，有App爬取经验优先； \n', '2、熟悉linux平台开发，精通Python，熟悉常用的爬虫框架和工具； \n', '3、熟悉MongoDB、Redis、Mysql，掌握MQ，了解HBase、KAFKA等； \n', '4、熟悉HTTP协议，熟悉正则表达式、XPath、CSS选择器等，了解常用验证码识别技术； \n', '5、能独立解决实际开发过程碰到的各类问题。 \n', '方向二： \n', '1、计算机相关专业毕业； \n', '2、熟练掌握Python编程，有一定的web后台开发经验者尤佳； \n', '3、热爱游戏，对参与游戏自动化测试开发领域有热忱。 \n', '【武汉】 \n', '1、计算机相关专业。 \n', '2、能熟练使用Python语言开发；有阅读和理解Python代码的能力。 \n', '3、能够独立分析大型网站页面结构，并完成所需数据的爬取、分析、筛选、储存功能。 \n', '4、熟悉Mysql等至少一种关系型数据库。熟悉Redis、MongoDB等数据库者优先。 \n', '5、熟悉Falsk/Tornado/Django等Web开发框架者优先。 \n', '6、熟悉数据挖掘、自然语言处理、信息检索、机器学习等技术者优先。 \n', '7、有良好的学习能力，能够根据需求学习新技术并应用于开发。 \n', '提示：公司实行全面禁烟制度，吸烟者需戒烟后才能入职']"
飞络信息,python开发工程师 ,12k-17k,上海,经验3-5年,['大专及以上 /'],"['智能硬件,数据服务｜咨询', '未融资', '50-150人']",https://www.lagou.com/wn/jobs/10151242.html?show=47e2e36d309246e5a3a7549e53a1f0d7,"['岗位职责 \n', '1.负责Python后端服务开发，解决业务逻辑和数据产品相关业务 \n', '2.负责搭建和维护后台服务 \n', '3.负责服务API开发 \n', '4.日志系统SPL编写，开发大数据任务 \n', '任职要求 \n', '1、3年以上Python后端开发经验，熟悉MVC架构，精通Flask/Django/tornado等框架； \n', '2、熟悉网络编程，熟悉tcp，http等通讯协议，熟练使用多进程和多线程； \n', '3、熟悉mysql、redis等常用储存方案及基本原理，能够独立地合理设计数据库结构； \n', '4、精通Linux系统结构，并熟练使用各种linux操作系统命令，了解k8s、docker； \n', '5、有大数据或机器学习经验者优先 \n', '6 有ELK、splunk查询语言使用经验优先 \n', '7、有一定算法能力与思维']"
博奥特科技,python开发工程师 ,14k-20k,深圳,经验3-5年,['本科及以上 /'],"['IT技术服务｜咨询,软件服务｜咨询', '未融资', '500-2000人']",https://www.lagou.com/wn/jobs/9982223.html?show=47e2e36d309246e5a3a7549e53a1f0d7,"['1. 计算机相关专业本科以上学历，3年以上开发经验； \n', '2. 熟练掌握Python/Go、Java、SQL编程语言至少一种以上，熟悉相关主流开源框架及中间件； \n', '3. 熟悉敏捷开发流程，有模块设计/重构经验，有较强的问题分析、解决能力； \n', '4. 掌握持续集成、持续交付、DevOps相关知识及相关工具的使用者或具有互联网App、大型业务系统开发经验者尤佳； \n', '5. 具有良好的团队合作能力、沟通交流能力，对技术有强烈的爱好，富有工作激情、创造力；']"
音悦荚,Python开发工程师 ,15k-30k,北京,经验1-3年,['本科及以上 /'],"['在线教育', 'A轮', '基因资本领投(A轮)']",https://www.lagou.com/wn/jobs/2701656.html?show=47e2e36d309246e5a3a7549e53a1f0d7,"['【工作职责】\n', '1、负责Python团队的任务分配和管理；\n', '2、负责服务端架构设计及主要功能模块核心代码编写。\n', '【任职要求】\n', '1、熟悉python语言以及Tornado(优先)、Django等 Web开发框架，了解机器学习，人工智能相关知识；熟悉numpy、Scikit等框架者优先；\n', '2、熟悉微服务架构并有相应开发经验，有服务器端运维经验，熟悉Nginx、docker；\n', '3、熟练使用 MongoDB、Redis、MySQL等数据库，并有相应的项目开发经验；熟悉JavaScript和HTML；\n', '4、2年以上互联网工作经验，有大数据分析系统开发经验者优先；\n', '5、有较强的自我驱动能力，有独立工作和解决问题的能力，对自己有较高的技术要求。']"
华为,python开发工程师 ,18k-36k,北京,经验不限,['本科及以上 /'],"['IT技术服务｜咨询,智能硬件,网络通信', '不需要融资', '2000人以上']",https://www.lagou.com/wn/jobs/10160252.html?show=47e2e36d309246e5a3a7549e53a1f0d7,"['【工作职责】 \n', '1. 负责大数据平台、智能中心、网络安全自动化攻防平台系统引擎的设计与开发； \n', '2. 风险评估与威胁预警系统引擎维护与性能调优；插件的设计与开发； \n', '3. 掌握客户实际业务需求，在理解产品业务的基础上，主动提升产品用户体验，技术驱动业务的发展，在交互方式以及页面性能方面不断创新； \n', '4. 涉猎编码、方案改进优化、技术攻关、组织沟通协调多个领域，涉及知识范围广，具有一定研发精神，拥抱变化，能解决各种未知问题，未来发展方向可以多元化转身。 \n', ' \n', '【岗位要求】 \n', '1. 熟练掌握Python编程，具备Python工程化经验； \n', '2、掌握常见的数据结构、算法，了解软件工程、敏捷开发等知识，熟悉常用设计模式； \n', '3. 有Django、Flask、Tornado框架的工程化经验优化； \n', '5. 有网络安全经验者优先；']"
达观数据,python开发工程师 ,15k-20k,上海,经验1-3年,['本科及以上 /'],"['人工智能服务,数据服务｜咨询', 'C轮', '中信、招商、广发、中信建投、深创投、弘卓资本、襄禾资本、尚A资本、众麟资本、联想之星和阳光保险集团(C轮)，完成B+轮融资，由深创投领投、软银赛富、晨山资本、众麟资本等跟投(B轮)，软银赛富、方广资本、真格基金、众麟资本(A轮)，获得真格基金领投 1000万天使投资(天使轮)']",https://www.lagou.com/wn/jobs/4429677.html?show=47e2e36d309246e5a3a7549e53a1f0d7,"['岗位职责 \n', '1、负责公司企业级搜索推荐产品的实施部署和客户需求开发相关工作； \n', '2、负责在客户现场进行需求沟通、问题排查、产品定制化开发； \n', '3、保持和整个项目团队的工作进展同步，保证项目的快速高质量交付； \n', '4、梳理总结客户需求及产品问题，反馈产品版本迭代升级； \n', ' \n', '岗位要求 \n', '1、代码基础扎实，两年以上经验python后端开发经验； \n', '2、熟悉数据库的基本知识，熟练使用SQL语句进行数据的增删改查操作； \n', '3、做事踏实认真，吃苦耐劳，具有良好的沟通表达能力； \n', '4、能出差至全国各地的客户现场提供技术支持； \n', '5、具有linux、docker、k8s、redis、kafka等使用经验者优先；']"
MINIEYE,Python工程师 ,15k-30k,深圳,经验1-3年,['本科及以上 /'],"['人工智能服务', 'D轮及以上', '中金甲子、东风资管(D轮及以上)，嘉实投资、东方富海、元Z资本、华勤通讯、杉杉创投，老股东四维图新、康成亨继续增持(C轮)，四维图新领投，浙商创投、杉杉创投等跟投(B轮)，普华资本(A轮)，阿里巴巴合伙人吴泳铭(天使轮)']",https://www.lagou.com/wn/jobs/6884621.html?show=47e2e36d309246e5a3a7549e53a1f0d7,"['1.基于产品需求和用户使用场景，负责测试方案落地实现，参与系统搭建、调试等工作；', '\n', '2.搭建算法相关自动化测试平台、参与数据处理等工具的开发和维护。', '\n\n', '职位要求：', '\n', '1.熟悉Linux开发环境，了解C/C++开发语言；', '\n', '2.精通Python、Ruby、Node.js等至少要1种动态语言；', '\n', '3.使用过MySQL、MongoDB、SQLite等数据库；', '\n', '4.较强的逻辑思维能力、分析问题的能力，善于并表达自己的想法；', '\n', '5.强烈的责任心，有良好的沟通和团队意识；', '\n', '具有以下经验优先：', '\n', '\xa0\xa0 1、web前端开发，了解一种以上开源web框架譬如flask、koa的架构；', '\n', '\xa0 \xa02、持续集成、持续测试、持续部署、性能测试、自动化测试等工具的使用；', '\n', '\xa0 \xa03、在校期间参加过ACM程序设计, 电子设计，数学建模等学科竞赛；', '\n', '\xa0\xa0 4、linux嵌入式设备测试。', '\n', '欢迎测试工程师转测试研发或python工程师岗位']"
白杨时代,python开发工程师 ,15k-30k,北京,经验不限,['本科及以上 /'],"['人工智能,软件开发', '不需要融资', '15-50人']",https://www.lagou.com/wn/jobs/6592742.html?show=47e2e36d309246e5a3a7549e53a1f0d7,"['职位描述\n', '\n', '1、 参与AI辅助决策相关的系统研发，针对toB大客户的需求编写系统软件\n', '\n', '职位要求\n', '1、计算机、数学、物理、统计等相关专业大学本科及以上学历\n', '2、熟练掌握python/C++等编程语言，熟悉常用数据结构和基本算法，较强的软件设计和代码实现能力\n', '3、有1-2个成功的软件编写项目经验者优先\n', '4、良好的沟通能力，对客户项目有责任心，富有团队合作精神\n']"
中软国际科技服务有限公司,python开发工程师 ,11k-22k,西安,经验1-3年,['本科及以上 /'],"['IT技术服务｜咨询', '上市公司', '2000人以上']",https://www.lagou.com/wn/jobs/10532863.html?show=47e2e36d309246e5a3a7549e53a1f0d7,"['Python后台开发工程师 \n', '工作职责： \n', '负责公司产品后台的设计与开发； \n', '平台整体的性能改进； \n', '编写设计及开发等技术文挡； \n', '对新技术敏感，乐于研究**技术并应用于公司产品； \n', '与团队成员充分、有效沟通协作。 \n', ' \n', '技能要求： \n', '精通Python，2年以上Python后台开发经验，有良好的编码习惯； \n', '熟悉HTTP协议，了解RESTful； \n', '熟悉Django/Tornado等web开发框架； \n', '熟悉大型分布式系统设计与开发，并具备MQ、NoSQL实战经验； \n', '熟悉Unix/Linux操作系统下的开发，部署，维护等工作； \n', '具备良好的分析解决问题能力和团队合作能力； \n', '具有良好的学习能力，对互联网的新技术有很强的求知欲望；']"
恩加科技,python开发工程师 ,20k-30k,深圳,经验1-3年,['本科及以上 /'],"['电商平台,消费生活,区块链', '未融资', '少于15人']",https://www.lagou.com/wn/jobs/10511769.html?show=47e2e36d309246e5a3a7549e53a1f0d7,"['职责描述： \n', ' \n', '1. 参与后端服务的设计、开发、优化等研发工作 \n', '2. 与PM、前端开发人员协同合作，保证平台的质量和开发进度 \n', '3. 对产品进行持续优化 \n', ' \n', '任职要求： \n', ' \n', '1. 精通Python语言，有Web后端开发的实际项目经验 \n', '2. 熟练掌握至少一门Python Web开发框架（Tornado, Django、Flask 等） \n', '3. 熟练至少一种数据库（MySQL/PostgreSQL/Redis/Redis/MongoDB 等）语言 \n', '4.有独立分析和解决问题的能力，有良好的团队合作精神 \n', '5. 对Web 3.0有一定了解的优先']"
万博时代,python开发工程师 ,15k-25k,深圳,经验3-5年,['大专及以上 /'],"['电商平台,营销服务｜咨询,制造业', '未融资', '150-500人']",https://www.lagou.com/wn/jobs/10445943.html?show=47e2e36d309246e5a3a7549e53a1f0d7,"['岗位要求： \n', '1.具备良好的分析解决问题的能力，团队沟通能力和学习能力； \n', '2.计算机相关专业大专及以上学历； \n', '3.3年以上后台开发经验； \n', '4.精通Python Web端，熟悉Django等Web开发框架； \n', '5.熟悉分布式系统设计与开发，并具备MQ，NoSQL经验； \n', '6.熟悉Unix/Linux系统的下的开发，部署，运维工作；']"
深圳市慧择软件集团有限公司,python开发工程师 ,25k-50k,深圳,经验3-5年,['本科及以上 /'],"['IT技术服务｜咨询', '不需要融资', '500-2000人']",https://www.lagou.com/wn/jobs/10515448.html?show=47e2e36d309246e5a3a7549e53a1f0d7,"['岗位职责： \n', '1、 参与公司现有系统平台的维护和迭代研发； \n', '2、 参与公司新项目的架构设计和迭代研发。 \n', ' \n', '任职资格： \n', '1、 本科及以上学历，计算机相关专业； \n', '2、 3 - 5年相关经验，对技术有热情； \n', '3、基本掌握 Python 的最佳实践方法，有 MySQL/PostgreSQL/MongoDB, Redis 和消息队列等常用的技术栈工具的使用经验； \n', '5、具备大型网站服务器/数据库/部署/架构能力，对消息队列、任务调度、负载均衡、并发控制有较好理解，有微服务组合经验； \n', '6、 熟悉 Linux Shell 常用命令，熟悉Git，熟悉 Https 协议，RESTful 规范，有良好的编码习惯； \n', '7、要求思维活跃，有极客精神，执行力强，熟悉异步编程、事件编程，具有分析系统瓶颈，对系统进行性能调优的能力和经验； \n', '8、 具备良好的沟通、理解、表达能力，主动推动研发力量完成产品研发。 \n', ' \n', '加分项： \n', '1、 有使用 Docker、Kubernetes 经验； \n', '2、 有写 Blog 的习惯，活跃于技术社区，参与开源项目等； \n', '3、 有审批流/CRM/rbac项目经验']"
安恒信息,python开发工程师 ,15k-25k,杭州,经验3-5年,['本科及以上 /'],"['信息安全,IT技术服务｜咨询', '上市公司', '2000人以上']",https://www.lagou.com/wn/jobs/10498457.html?show=47e2e36d309246e5a3a7549e53a1f0d7,"['职位职责： \n', '1、从事公司车联网安全检测产品开发； \n', '2、 实现汽联网检测工具的检测功能。 \n', ' \n', '任职要求： \n', '1. ***本科以上学历，两年以上相关开发经验； \n', '2. 熟练使用python； \n', '3. 熟练使用linux和linux shell； \n', '4. 对网络攻防或物联网攻防技术有一定了解的优先； \n', '5. 良好的文档编写与沟通能力； \n', '6. 学习能力，工作态度，责任心。']"
开科唯识,python开发工程师 ,14k-18k,上海,经验1-3年,['本科及以上 /'],"['软件服务｜咨询', 'C轮', '500-2000人']",https://www.lagou.com/wn/jobs/10486276.html?show=47e2e36d309246e5a3a7549e53a1f0d7,"['岗位职责 \n', '1、根据使用需求完成相关领域的数据获取，处理和看板定制 \n', '2、对基于Flask和React的应用基础框架进行深层次定制开发 \n', '3、负责应用的日常构建、发布和运维 \n', '任职要求: \n', '1、大专及以上学历，学信网可查，有金融行业项目经验。 \n', '2、熟悉基础的前端框架React/Vue,了解EChart库使用 \n', '3、熟练掌握Python语言的开发和测试，Flask框架，Pandas库 \n', '4、熟练掌握MySQL数据库，ETL工具使用 \n', '5、了解DevOps工具链和流水线设计，掌握软件工程过程管理']"
外企德科人力资源服务,python开发工程师 ,14k-28k,杭州,经验不限,['本科及以上 /'],"['企业服务', '未融资', '2000人以上']",https://www.lagou.com/wn/jobs/10541780.html?show=47e2e36d309246e5a3a7549e53a1f0d7,"['1、熟悉python语言，熟练掌握数据结构和常用算法设计,具备良好的编码规范； \n', '2、熟悉多线程，具备性能调优和解决疑难杂症定位经验； \n', '3、熟悉终端程序开发和调试，能分析dump文件，并定位、修复存在的BUG； \n', '4、掌握TCP/IP协议的抓包与分析方法，熟悉主流网络协议，能够熟练进行协议数据包分析； \n', '5、熟悉操作系统(windows/Linux)内核、有从事网络、文件等内核驱动开发经验者优先。 \n']"
达观数据,python开发工程师 ,15k-20k,上海,经验1-3年,['本科及以上 /'],"['人工智能服务,数据服务｜咨询', 'C轮', '中信、招商、广发、中信建投、深创投、弘卓资本、襄禾资本、尚A资本、众麟资本、联想之星和阳光保险集团(C轮)，完成B+轮融资，由深创投领投、软银赛富、晨山资本、众麟资本等跟投(B轮)，软银赛富、方广资本、真格基金、众麟资本(A轮)，获得真格基金领投 1000万天使投资(天使轮)']",https://www.lagou.com/wn/jobs/4429677.html?show=47e2e36d309246e5a3a7549e53a1f0d7,"['岗位职责 \n', '1、负责公司企业级搜索推荐产品的实施部署和客户需求开发相关工作； \n', '2、负责在客户现场进行需求沟通、问题排查、产品定制化开发； \n', '3、保持和整个项目团队的工作进展同步，保证项目的快速高质量交付； \n', '4、梳理总结客户需求及产品问题，反馈产品版本迭代升级； \n', ' \n', '岗位要求 \n', '1、代码基础扎实，两年以上经验python后端开发经验； \n', '2、熟悉数据库的基本知识，熟练使用SQL语句进行数据的增删改查操作； \n', '3、做事踏实认真，吃苦耐劳，具有良好的沟通表达能力； \n', '4、能出差至全国各地的客户现场提供技术支持； \n', '5、具有linux、docker、k8s、redis、kafka等使用经验者优先；']"
华为,python开发工程师 ,18k-35k,北京,经验不限,['本科及以上 /'],"['IT技术服务｜咨询,智能硬件,网络通信', '不需要融资', '2000人以上']",https://www.lagou.com/wn/jobs/9954763.html?show=47e2e36d309246e5a3a7549e53a1f0d7,"['【工作职责】 \n', '1. 负责风险评估与威胁预警系统引擎的设计与开发； \n', '2. 负责风险评估与威胁预警系统引擎维护与性能调优； \n', '3. 负责风险评估与威胁预警系统插件的设计与开发； \n', '4. 负责风险评估与威胁预警系统插件的日常维护和优化工作； \n', ' \n', '【岗位要求】 \n', '1. 熟练掌握Python编程，具备Python工程化经验； \n', '2、掌握常见的数据结构、算法，了解软件工程、敏捷开发等知识，熟悉常用设计模式； \n', '3. 有Django、Flask、Tornado框架的工程化经验优化； \n', '5. 有网络安全经验者优先；']"
开科唯识,python开发工程师 ,14k-18k,上海,经验1-3年,['本科及以上 /'],"['软件服务｜咨询', 'C轮', '500-2000人']",https://www.lagou.com/wn/jobs/10486276.html?show=47e2e36d309246e5a3a7549e53a1f0d7,"['岗位职责 \n', '1、根据使用需求完成相关领域的数据获取，处理和看板定制 \n', '2、对基于Flask和React的应用基础框架进行深层次定制开发 \n', '3、负责应用的日常构建、发布和运维 \n', '任职要求: \n', '1、大专及以上学历，学信网可查，有金融行业项目经验。 \n', '2、熟悉基础的前端框架React/Vue,了解EChart库使用 \n', '3、熟练掌握Python语言的开发和测试，Flask框架，Pandas库 \n', '4、熟练掌握MySQL数据库，ETL工具使用 \n', '5、了解DevOps工具链和流水线设计，掌握软件工程过程管理']"
美联集团,python开发工程师 ,18k-25k,深圳,经验3-5年,['本科及以上 /'],"['房地产｜建筑｜物业', '上市公司', '2000人以上']",https://www.lagou.com/wn/jobs/10464947.html?show=47e2e36d309246e5a3a7549e53a1f0d7,"['岗位职责： \n', '1、负责对公司内部系统在遇到海量数据等性能问题时，提出可实施的Python解决方案； \n', '2、负责大数据平台的项目架构设计、研发、调优，解决开发中各种系统架构问题，完成基础核心架构后台建设； \n', '3、负责基于Python语言项目的核心功能的架构与代码模板编写，开发与维护系统公用核心模块。 \n', '4、参与业务中台的优化与部署，保障系统可用性、稳定性、和可扩展性； \n', '5、组织软件技术研究和攻关工作。 \n', '岗位要求： \n', '1、具有较强的架构能力，具有分布式计算、实时计算、数据仓库、数据挖掘系统的架构经历； \n', '2、擅长系统分析与设计，精通常用的设计模式，擅长性能调优;对传统软件架构性能瓶颈，能提出可实施的Python方案。 \n', '3、精通Python语言，熟悉Django/Flask框架;熟悉使用过PyQt优先考虑； \n', '4、熟悉Internet常用协议，如HTTP、TCP/IP、熟悉RESTful规范； \n', '5、精通或者熟悉Hadoop体系架构，以及HDFS/HBase/Hive/MapReduce/Spark等技术，了解体系架构各组件的优缺点，有直接的产品设计与开发、部署、调优的经验； \n', '6、精通或熟悉常见RDBMS(Oracle / PostgreSQL / MySql)、NoSQL(Redis / Memcached/ MongoDB)、全文搜索引擎(Solr/ElasticSearch)的使用及开发，了解各数据库优缺点， 熟悉与架构设计相关的数据存储、性能调优等相关领域知识，有相关项目经验尤佳; \n', '7、熟悉数据挖掘，了解典型大数据算法和策略; \n', ' \n', '上市公司、平台稳定、福利待遇优厚： \n', '1，极具竞争力的薪酬待遇。加班工资，重点项目奖金。 \n', '2，每年1-2次的员工旅游活动。 \n', '3，员工生日礼物、生日假期、节日礼物。 \n', '4，逐年递增的工资。 \n', '5，五险一金。 \n', '6，各类法定休假。 \n', '7，完善的培训体系和晋升空间。 \n', '8、周末双休。']"
平安科技,python开发工程师 ,20k-35k,上海,经验3-5年,['本科及以上 /'],"['科技金融,人工智能服务,软件服务｜咨询', '上市公司', '2000人以上']",https://www.lagou.com/wn/jobs/10446199.html?show=47e2e36d309246e5a3a7549e53a1f0d7,"['1、负责与业务方的数据对接和算法项目工程化相关工作； \n', '2、参与算法模型迭代和效率优化； \n', '3、根据项目任务计划按时完成软件编码和单元测试工作； \n', '4、按照开发流程编写相应模块的设计文档； \n', '任职资格 : \n', '1、2年以上python开发经验, 有良好的面向对象设计思想，对多进程多线程有深刻理解，熟悉设计模式； \n', '2、熟悉Django/Flask、Celery、Redis、Elasticsearch等常用开发组件； \n', '3、熟悉Linux操作系统的操作和基础命令； \n', '4、熟悉MySql及常用sql的书写； \n', '5、拥有良好的代码习惯，要求结构清晰，命名规范，逻辑性强，代码冗余率低； \n', '6、具有较强的团队意识，高度的责任感，对工作积极严谨，勇于承担压力； \n', '7、有一定算法设计能力优先；']"
探迹科技,python后端开发工程师 ,15k-25k,广州,经验3-5年,['本科及以上 /'],"['数据服务｜咨询,人工智能服务,营销服务｜咨询', 'B轮', '红杉资本；启明创投(B轮)，阿里巴巴；启明创投(A轮)，九合创投；英诺天使基金；臻云创投；（千万级Pre-A轮融资）(A轮)，九合创投(天使轮)']",https://www.lagou.com/wn/jobs/8068663.html?show=47e2e36d309246e5a3a7549e53a1f0d7,"['1.与产品经理、架构师、前端工程师等紧密合作，共同交付功能完善、稳定可靠的SaaS产品；\n', '2.参与后台系统代码设计与开发,使用敏捷产品开发流程来确保功能按时交付；\n', '3.编写、审查和维护技术文档；\n', '4.研究和评估新技术和框架,持续改善和提高产品的性能、灵活性及稳定性。\n', '\n', '任职资格：\n', '1.计算机相关专业，本科及以上学历，3年以上后台开发工作经验；\n', '2.精通Python开发语言；\n', '3.精通MySQL，MongoDB，Redis等数据库；\n', '4.熟悉Apache，Nginx，Tomcat；\n', '5.熟悉Flask，Django等后台开发框架；\n', '6.精通面向对象的分析与设计，精通设计模式；\n', '7.有激情，有创造力，喜欢研究新技术，沟通能力良好。']"
aoe,python开发工程师 ,10k-15k,深圳,经验1-3年,['本科及以上 /'],"['工具类产品', 'A轮', '天鸽金华基金领投，凯撒文化、IGG(A轮)']",https://www.lagou.com/wn/jobs/10465969.html?show=47e2e36d309246e5a3a7549e53a1f0d7,"['工作内容： \n', '1.内外部后台开发 \n', '2.逻辑脚本实现与维护 \n', '3.数据库操作 \n', '任职资格： \n', '1.大学本科及以上学历，计算机相关专业; \n', '2.熟练掌握Python语言，数据结构功底扎实，1年python开发经验; \n', '3.熟悉python数据分析、文档解析的常用工具;熟悉正则表达式; \n', '4.熟练掌握sql，有Mysql/Oracle/SqlServer使用经验; \n', '5.良好的语言表达和沟通能力，良好的团队合作精神; \n', '7.有分布式应用系统开发、大数据开发经验者优先；']"
中软国际科技服务有限公司,python开发工程师 ,11k-22k,上海,经验不限,['本科及以上 /'],"['IT技术服务｜咨询', '上市公司', '2000人以上']",https://www.lagou.com/wn/jobs/10464118.html?show=47e2e36d309246e5a3a7549e53a1f0d7,"['1.精通Python，有Python开发相关工作经验1年以上； \n', '2.熟悉Django框架，熟悉celery或有相关异步定时经验； \n', '3.精通前端UI设计，有相关工作经验者优先； \n', '4.熟悉mysql数据库、Docker等优先；']"
混沌学园,python开发工程师 ,20k-38k,北京,经验3-5年,['本科及以上 /'],"['在线教育', '不需要融资', '150-500人']",https://www.lagou.com/wn/jobs/10473645.html?show=47e2e36d309246e5a3a7549e53a1f0d7,"['岗位职责： \n', '1、负责混沌学园在线业务的后端业务研发； \n', '2、负责微服务架构设计以及微服务的实现； \n', '3、主要实现语言为Python； \n', '4、有golang工作经验或转go意愿优先。 \n', ' \n', '任职要求： \n', '1、本科及以上学历，计算机、通信等相关专业； \n', '2、有扎实的编程能力，有优秀的设计和代码品味； \n', '3、深刻理解计算机原理，有良好的数据结构和算法基础； \n', '4、熟悉Mysql、Nosql、消息队列等常用WEB组件； \n', '5、有高并发服务设计和实现经验优先； \n', '6、有较好的产品意识优先； \n', '7、热爱编程，有较强的学习能力，有强烈的求知欲、好奇心和进取心，能及时关注和学习业界最新技术； \n', '8、积极乐观，责任心强，工作认真细致，有良好的团队沟通和协作能力。']"
AfterShip,高级 Python 工程师 ,25k-50k,深圳,经验5-10年,['本科及以上 /'],"['软件服务｜咨询,营销服务｜咨询,数据服务｜咨询', 'B轮', '老虎环球管理基金 Tiger Global 领投，高瓴创投跟投(B轮)，IDG(A 轮)']",https://www.lagou.com/wn/jobs/6578063.html?show=47e2e36d309246e5a3a7549e53a1f0d7,"[""if 'coding' in your_passions and any(stack in ['Python', 'Node.js', 'Kubernetes', 'Serverless'] for stack in your_stacks):\n"", "" print('Join AfterShip')\n"", '\n', '\n', '岗位职责\n', '\n', '\n', '1、负责集成各种维度的数据源，使用各种数据获取技巧，转换、分析、调度、存储数据，为公司业务提供正确稳定的数据；\n', '2、负责建设高可靠、高并发的分布式系统；\n', '3、负责提升系统的稳定性，持续迭代更新，保证系统质量和交付及时性；\n', '4、负责编写相关的技术文档和单元测试，对产品质量负责。\n', '\n', '\n', '岗位要求\n', '\n', '\n', '1、本科及以上学历，具备英语读写能力；\n', '2、熟悉 Git/GitHub，通信协议 TCP/HTTP 及 RESTful 标准；\n', '3、五年及以上 Python 开发工作经验，有 Scrapy 等使用经验；\n', '4、有 MySQL, Redis 或 MongoDB 等相关数据库使用经验；\n', '5、有数据意识，有产品数据方面相关经验。\n', '\n', '\n', '\n', '加分项\n', '\n', '\n', '1、有 CI/CD使用经验 ；\n', '2、有使用 Docker、Kubernetes、AWS 或 GCP 等经验；\n', '3、熟悉 Tornado、Django 或 Flask ；\n', '4、有写 Blog 的习惯，活跃于技术社区，参与开源项目等；\n', '5、有代码洁癖，对代码精益求精，对技术有极客热情;\n', '6、有软件著作权申请，有专利发明申请。\n', '\n', '\n', '为什么加入我们\n', '\n', '\n', '1、极客氛围: 拥抱开源技术，实践敏捷开发；\n', '2、新技术: Kubernetes, Serverless, TensorFlow, Microservice；\n', '3、特色福利: 每天下午茶，学习成长基金, 提供 MacBook Pro；\n', '4、多元文化: 团队来自全球十几个国家；\n', '5、头部企业: 海外驰名企业，细分领域领跑者；\n', '6、朝阳行业: B2B 企业级系统，国际性 SaaS 平台。']"
云孚科技,python研发工程师 ,6k-12k,武汉,经验不限,['本科及以上 /'],"['人工智能服务', '不需要融资', '15-50人']",https://www.lagou.com/wn/jobs/10120965.html?show=47e2e36d309246e5a3a7549e53a1f0d7,"['【岗位职责】 \n', ' \n', '1. NLP系统后台开发。 \n', ' \n', '2. 业务系统后台开发。 \n', ' \n', '3.产品的部署、调试、现场技术指导、故障分析和排除等。 \n', ' \n', '4.为客户提供技术指导和培训，帮助客户解决技术问题。 \n', ' \n', '5.对已上线系统进行定期巡检和售后问题分析处理。 \n', ' \n', '6.了解客户业务需求，提供解决方案及技术建议方案。 \n', ' \n', '7.有驻场经验者优先。 \n', ' \n', ' \n', ' \n', '【任职要求】 \n', ' \n', '1. 本科及以上学历，计算机或相关专业。 \n', ' \n', '2. 较强的编码能力，熟悉Python。 \n', ' \n', '3. 学习能力强，有创业心态。 \n', ' \n', '4.熟悉Linux，能动手调试和解决Linux中遇到的各种问题。 \n', ' \n', '5.熟悉docker、kubernetes、nginx、mysql等常用软件部署方式者优先。 \n', ' \n', '6.有Linux部署经验，具备互联网公司工作经验优先。 \n', ' \n', '7.优秀的沟通能力和自我管理的能力，能独立在客户现场工作。 \n', ' \n', '8.熟悉前端语言者优先。']"
微众信科,python工程师 ,15k-30k,深圳,经验3-5年,['本科及以上 /'],"['IT技术服务｜咨询,人工智能服务', 'D轮及以上', '150-500人']",https://www.lagou.com/wn/jobs/10430780.html?show=47e2e36d309246e5a3a7549e53a1f0d7,"['工作内容： \n', '1.负责主持网络爬虫系统的设计、开发与运行维护工 作，保证多平台信息的采集、清洗、入库工作高质量完成； \n', '2. 实时监控爬虫任务的执行状况，及时处理爬虫异常； \n', ' \n', '任职要求： \n', '1.**本科及以上学历； \n', '2.熟练掌握Python，掌握selenium、scrapy等爬虫相关框架； \n', '3.深入理解HTTP等网络协议； \n', '4.2年及以上爬虫开发经验 ； \n', '5. 有过高性能数据采集、海量数据存储项目经验，懂得一定反反爬者优先；']"
金蝶账无忧,python爬虫工程师 ,15k-20k,深圳,经验1-3年,['本科及以上 /'],"['企业服务', '不需要融资', '50-150人']",https://www.lagou.com/wn/jobs/10001301.html?show=47e2e36d309246e5a3a7549e53a1f0d7,"['岗位职责： \n', '1、负责网站页面或者APP采集。 \n', '2、负责网页爬虫架构设计（包括基础资源，如代理池技术、反爬技术、浏览器采集技术等等）与核心技术研发。 \n', '3、负责API或者爬虫获取数据，数据解析和分析等功能的研发。 \n', ' \n', '任职要求： \n', '1、本科，计算机相关专业毕业 \n', '2、一年以上Python开发工作经验； \n', '3、熟悉HTMLJavaScriptCSS AJAX等web技术，熟悉web相关 数据处理技术。 \n', '4、熟悉常用的浏览器调试技术。 \n', '5、熟悉常见的反爬机制及对应的应对措施，如cookie识别。 \n', '6、精通网页爬虫、分布式、多线程开发技术。 \n', '7、对数据结构和算法设计有较为深刻的理解。 \n', ' \n', '其他信息：有加班安排可调休（每周2-3次）']"
外企德科人力资源服务,python开发工程师 ,15k-30k,成都,经验1年以下,['本科及以上 /'],"['企业服务', '未融资', '2000人以上']",https://www.lagou.com/wn/jobs/10540375.html?show=47e2e36d309246e5a3a7549e53a1f0d7,"['职位描述： \n', '1、负责高性能、高可用构建系统建设；2、通过平台、工具、最佳实践提升业务研发的效率；3、包括但是不限于这些工作：编译、构建、二进制管理、持续集成、发布流程； \n', '岗位要求： \n', '1、 精通python，有丰富的工程经验；至少熟悉一种js前端技术框架，react优先； \n', '2、 熟练掌握docker、registry的使用和优化； \n', '3、 了解高并发、高可用设计，对微服务、serverless等应用架构有一定认识； \n', '4、 熟悉常见的构建和和配置管理工具； \n', '5、 对软件工程有较好的理解和实践；']"
视野数科,python开发工程师 ,11k-20k,北京,经验1-3年,['本科及以上 /'],"['科技金融', 'A轮', '视野获得新一轮融资(A轮)，国金证券母公司涌金集团(A轮)，盛大资本(A轮)']",https://www.lagou.com/wn/jobs/10339122.html?show=47e2e36d309246e5a3a7549e53a1f0d7,"['职位描述： \n', '1、负责各类数据的开发、接口调用及数据处理性能调优等工作； \n', '2、根据产品和项目需求进行功能设计； \n', '3、根据产品和项目需求负责Python开发维护工作； \n', '4、根据日常工作需要编写相关文档； \n', '5、参与客户需求沟通。 \n', '任职要求： \n', '1、计算机相关专业本科及以上学历 \n', '2、1-3年工作经验； \n', '3、熟悉linux平台，熟练掌握Python、SQL、ETL数据处理开发工作； \n', '4、能够熟练使用Redis、MySQL、Mongo、ES等数据库工具进行数据处理开发和维护工作； \n', '5、熟练掌握数据处理性能调优，数据清洗、转换、整合等数据管理和维护工作; \n', '6、熟悉Django开源Web应用框架，能够基于该框架快速实现相关管理和分析应用； \n', '7、具备良好的编程习惯和逻辑思维能力； \n', '8、具备大数据处理开发（Hadoop/Hive，Storm/Spark等）相关工作经验者优先考虑； \n', '9、熟练掌握爬虫采集技术及架构设计，精通瑞数解析的优先考虑； \n', '10、具备创业心态，善于学习，热爱技术开发，善于团队协作，能积极主动地参产品研发等相关工作。']"
广州亿博,python开发工程师 ,15k-20k,广州,经验3-5年,['大专及以上 /'],"['移动互联网', '不需要融资', '150-500人']",https://www.lagou.com/wn/jobs/10359439.html?show=47e2e36d309246e5a3a7549e53a1f0d7,"['1、专科或以上学历,3年以上工作经验 \n', '2、熟悉技术栈：Python、scrapy、selenium、mysql、html、Django 、BHO、js 、svn、postman、is-RPA\\UiPath； \n', '3、有扎实的算法和数据结构能力； \n', '4、熟悉爬虫原理，熟悉常见的反爬虫技术，有爬虫相关项目开发经验者优先； \n', '5、 掌握http协议，熟悉html、dom、xpath等常见的数据抽取技术； \n', '6、熟悉数据库原理和常用sql语句； \n', '7、有参与自主研发RPA经验优先']"
云非科技,python开发工程师 ,30k-60k,北京,经验3-5年,['本科及以上 /'],"['科技金融,消费生活,旅游｜出行', 'B轮', '500-2000人']",https://www.lagou.com/wn/jobs/10498584.html?show=47e2e36d309246e5a3a7549e53a1f0d7,"['工作内容： \n', '1、负责海外金融业务风控工作中的相关系统搭建，支撑风控审核、数据存储等工作。 \n', '2. 工程包括但不限于业务逻辑、特征工程、模型工程、风控引擎、定时任务、反欺诈工程、图谱工程等。 \n', '任职资格： \n', '1、本科及以上学历，有互金风控经验优先，本科计算机相关专业优先； \n', '2、3年以上开发经验，熟练掌握Python，熟练掌握SQL \n', '3、具备强悍的工程开发能力，了解flask微服务、mq消息队列、spark、flink、并发异步等技术； \n', '4、具备良好的责任心、逻辑思维、表达能力和主动学习能力。']"
音悦荚,Python开发工程师 ,15k-30k,北京,经验1-3年,['本科及以上 /'],"['在线教育', 'A轮', '基因资本领投(A轮)']",https://www.lagou.com/wn/jobs/2701656.html?show=47e2e36d309246e5a3a7549e53a1f0d7,"['【工作职责】\n', '1、负责Python团队的任务分配和管理；\n', '2、负责服务端架构设计及主要功能模块核心代码编写。\n', '【任职要求】\n', '1、熟悉python语言以及Tornado(优先)、Django等 Web开发框架，了解机器学习，人工智能相关知识；熟悉numpy、Scikit等框架者优先；\n', '2、熟悉微服务架构并有相应开发经验，有服务器端运维经验，熟悉Nginx、docker；\n', '3、熟练使用 MongoDB、Redis、MySQL等数据库，并有相应的项目开发经验；熟悉JavaScript和HTML；\n', '4、2年以上互联网工作经验，有大数据分析系统开发经验者优先；\n', '5、有较强的自我驱动能力，有独立工作和解决问题的能力，对自己有较高的技术要求。']"
恩加科技,python开发工程师 ,20k-30k,深圳,经验1-3年,['本科及以上 /'],"['电商平台,消费生活,区块链', '未融资', '少于15人']",https://www.lagou.com/wn/jobs/10511769.html?show=47e2e36d309246e5a3a7549e53a1f0d7,"['职责描述： \n', ' \n', '1. 参与后端服务的设计、开发、优化等研发工作 \n', '2. 与PM、前端开发人员协同合作，保证平台的质量和开发进度 \n', '3. 对产品进行持续优化 \n', ' \n', '任职要求： \n', ' \n', '1. 精通Python语言，有Web后端开发的实际项目经验 \n', '2. 熟练掌握至少一门Python Web开发框架（Tornado, Django、Flask 等） \n', '3. 熟练至少一种数据库（MySQL/PostgreSQL/Redis/Redis/MongoDB 等）语言 \n', '4.有独立分析和解决问题的能力，有良好的团队合作精神 \n', '5. 对Web 3.0有一定了解的优先']"
华为,python开发工程师 ,18k-36k,北京,经验不限,['本科及以上 /'],"['IT技术服务｜咨询,智能硬件,网络通信', '不需要融资', '2000人以上']",https://www.lagou.com/wn/jobs/10160252.html?show=47e2e36d309246e5a3a7549e53a1f0d7,"['【工作职责】 \n', '1. 负责大数据平台、智能中心、网络安全自动化攻防平台系统引擎的设计与开发； \n', '2. 风险评估与威胁预警系统引擎维护与性能调优；插件的设计与开发； \n', '3. 掌握客户实际业务需求，在理解产品业务的基础上，主动提升产品用户体验，技术驱动业务的发展，在交互方式以及页面性能方面不断创新； \n', '4. 涉猎编码、方案改进优化、技术攻关、组织沟通协调多个领域，涉及知识范围广，具有一定研发精神，拥抱变化，能解决各种未知问题，未来发展方向可以多元化转身。 \n', ' \n', '【岗位要求】 \n', '1. 熟练掌握Python编程，具备Python工程化经验； \n', '2、掌握常见的数据结构、算法，了解软件工程、敏捷开发等知识，熟悉常用设计模式； \n', '3. 有Django、Flask、Tornado框架的工程化经验优化； \n', '5. 有网络安全经验者优先；']"
远江盛邦（北京）网络安全科技股份有限公司,python开发工程师 ,11k-20k,西安,经验3-5年,['本科及以上 /'],"['信息安全', '不需要融资', '150-500人']",https://www.lagou.com/wn/jobs/10467709.html?show=47e2e36d309246e5a3a7549e53a1f0d7,"['岗位职责： \n', '1.负责安全产品开发、故障修复、优化，以及技术支持相关工作； \n', '2.对自身承担模块的开发进度、代码质量负责； \n', ' \n', '岗位要求： \n', '1.本科及以上学历，计算机/软件等相关专业最佳； \n', '2.精通Python，掌握python常用web框架一种及以上，熟悉网络编程、多线程编程、大规模文本数据处理等； \n', '3.有Python爬虫相关经验； \n', '4.有Python分布式架构开发经验优先； \n', '5.熟悉数据库知识，熟练掌握SQL，熟悉redis/mongodb/mysql/postgres/等； \n', '6.强烈的责任感，有良好代码风格，善于分析和解决问题，有较好的沟通和团队合作的能力。']"
拓保软件,Python（急招！双休） ,10k-20k,深圳,经验3-5年,['本科及以上 /'],"['数据服务', '未融资', '2000人以上']",https://www.lagou.com/wn/jobs/10540985.html?show=47e2e36d309246e5a3a7549e53a1f0d7,"['职位描述： \n', '1.负责产品服务端研发； \n', '2.深入发掘和分析业务需求，撰写技术方案和系统设计； \n', '3.根据产品需求，进行系统设计和编码； \n', '4.持续对系统架构进行改造和优化，保证系统服务的稳定可靠。 \n', ' \n', '岗位要求： \n', '1.具有本科或更高学位，3年及以上工作经验； \n', '2.熟悉Django、Flask等任意Web框架，掌握HTTP、RESTful等相关协议； \n', '3.掌握python常用的调试手段，有cProfile、meliae等调试工具使用及python性能分析经验更佳； \n', '4.熟悉多进程、协程、任务队列等常用的python并发编程和异步方案及使用经验； \n', '5.熟悉MySQL、Redis、Kafka等相关技术，并能在不同的业务场景使用以上技术解决问题； \n', '6.熟练掌握MySQL数据库，具备MySQL索引优化、查询优化的能力； \n', '7.英文应用能力强，可适应英语工作环境 \n', '加分项（任一即可）： \n', '1、有Golang/Typescript语言实际开发经验 \n', '2、有前端开发经验，熟悉vue等前端框架 \n', '3、有分布式底层系统研发经验 \n', ' \n', '能英语简单读写就可以，最好有区块链相关开发经验，优先考虑可以马上到岗的（至少6月底到岗）']"
中软国际科技服务有限公司,python开发工程师 ,10k-18k,武汉,经验1-3年,['本科及以上 /'],"['IT技术服务｜咨询', '上市公司', '2000人以上']",https://www.lagou.com/wn/jobs/10298602.html?show=47e2e36d309246e5a3a7549e53a1f0d7,"['岗位职责： \n', '1、参与业务需求澄清和讨论分析，把客户需求转化为实际工作包 \n', '2、参与功能模块开发编码工作，逻辑思路清晰，能独立解决bug，独立完成任务 \n', '3、参与数据库设计. \n', '岗位要求： \n', '1、1年以上Python/Java TO B端系统类项目研发经验； \n', '2、熟悉postgresql， elasticsearch，linux， nginx，redis等技术生态； \n', '3、熟悉任意一个web框架（flask/Django/Node.js等），有安全数据类系统经验更佳； \n', '4、熟悉数据库设计、管理与优化； \n', '5、熟悉常见设计模式，熟悉常用的数据结构和算法,有良好的编程风格']"
安势信息,python开发工程师 ,18k-30k,上海,经验3-5年,['大专及以上 /'],"['信息安全', '天使轮', '50-150人']",https://www.lagou.com/wn/jobs/10495986.html?show=47e2e36d309246e5a3a7549e53a1f0d7,"['岗位职责： \n', '1、 独立完成项目的系统分析和技术架构设计，并主导完成详细设计和编码的任务，确保项目的进度和质量 \n', '2、 负责软件需求分析、设计、开发工作，承担解决方案相关产品需求分析、设计、开发，高质量完成系统交付 \n', '3、 负责改进软件产品的性能、可扩展性、稳定性及安全性，负责关键技术的提前验证，消除版本落地的技术风险 \n', ' \n', '岗位要求： \n', '1、大专及以上学历，2年以上后端开发经验 \n', '2、 熟悉Django/Flask等任意Web框架，熟悉PostgreSQL或MySQL数据库操作，熟悉SQL语句编写和性能调优 \n', '3、 熟练掌握缓存,消息队列机制,具有高并发、大数据系统设计、研发、调优经验，能对分布式微服务常用技术进行合理应用，解决问题，了解高并发消息队列、RPC、KV系统的应用 \n', '4、 具有大规模架构的实践经验，熟悉故障定位、容量规划、架构设计、性能优化等方面 \n', '5、 熟悉常用的数据结构，具有良好的代码风格、接口设计与框架设计能力 \n', '6、 有较强的逻辑思维能力和沟通能力，主动积极有责任感，有良好的团队合作精神']"
华为,python开发工程师 ,18k-35k,北京,经验不限,['本科及以上 /'],"['IT技术服务｜咨询,智能硬件,网络通信', '不需要融资', '2000人以上']",https://www.lagou.com/wn/jobs/9954763.html?show=47e2e36d309246e5a3a7549e53a1f0d7,"['【工作职责】 \n', '1. 负责风险评估与威胁预警系统引擎的设计与开发； \n', '2. 负责风险评估与威胁预警系统引擎维护与性能调优； \n', '3. 负责风险评估与威胁预警系统插件的设计与开发； \n', '4. 负责风险评估与威胁预警系统插件的日常维护和优化工作； \n', ' \n', '【岗位要求】 \n', '1. 熟练掌握Python编程，具备Python工程化经验； \n', '2、掌握常见的数据结构、算法，了解软件工程、敏捷开发等知识，熟悉常用设计模式； \n', '3. 有Django、Flask、Tornado框架的工程化经验优化； \n', '5. 有网络安全经验者优先；']"
极光,Python开发工程师 ,18k-25k,深圳,经验1-3年,['本科及以上 /'],"['软件服务｜咨询,IT技术服务｜咨询', '上市公司', '复星昆仲，IDG，Mandra capital(B轮)']",https://www.lagou.com/wn/jobs/10309523.html?show=47e2e36d309246e5a3a7549e53a1f0d7,"['岗位内容： \n', '1、参与公司内部系统的研发工作； \n', '2、公司内部系统的日常维护工作。 \n', ' \n', '任职资格 ： \n', '1、本科及以上学历，计算机相关专业； \n', '2、1 - 3年相关python开发经验，对技术有热情； \n', '3、基本掌握 Python 的最佳实践方法，熟悉flask或django框架； \n', '4、有 MySQL, Redis 和消息队列等常用的技术栈工具的使用经验； \n', '5、熟悉 Http 协议，RESTful 规范，有良好的编码习惯； \n', '6、具备良好的沟通、理解、表达能力，积极主动完成研发任务。 \n', ' \n', ' \n', '如果您除了以上条件，并具备以下两个条件，那将是加分项： \n', '1、熟悉golang语言； \n', '2、有使用 Docker、Kubernetes 经验。']"
深圳市慧择软件集团有限公司,python开发 ,20k-40k,深圳,经验3-5年,['本科及以上 /'],"['IT技术服务｜咨询', '不需要融资', '500-2000人']",https://www.lagou.com/wn/jobs/10412399.html?show=47e2e36d309246e5a3a7549e53a1f0d7,"['岗位职责： \n', '1、 参与公司现有系统平台的维护和迭代研发； \n', '2、 参与公司新项目的架构设计和迭代研发。 \n', ' \n', '任职资格： \n', '1、 本科及以上学历，计算机相关专业； \n', '2、 3 - 5年相关经验，对技术有热情； \n', '3、基本掌握 Python 的最佳实践方法，有 MySQL/PostgreSQL/MongoDB, Redis 和消息队列等常用的技术栈工具的使用经验； \n', '5、具备大型网站服务器/数据库/部署/架构能力，对消息队列、任务调度、负载均衡、并发控制有较好理解，有微服务组合经验； \n', '6、 熟悉 Linux Shell 常用命令，熟悉Git，熟悉 Https 协议，RESTful 规范，有良好的编码习惯； \n', '7、要求思维活跃，有极客精神，执行力强，熟悉异步编程、事件编程，具有分析系统瓶颈，对系统进行性能调优的能力和经验； \n', '8、 具备良好的沟通、理解、表达能力，主动推动研发力量完成产品研发。 \n', ' \n', '加分项： \n', '1、 有使用 Docker、Kubernetes 经验； \n', '2、 有写 Blog 的习惯，活跃于技术社区，参与开源项目等； \n', '3、 有审批流/CRM/rbac项目经验']"
赛意,python开发工程师 ,13k-16k,武汉,经验3-5年,['本科及以上 /'],"['IT技术服务｜咨询', '上市公司', '2000人以上']",https://www.lagou.com/wn/jobs/10280541.html?show=47e2e36d309246e5a3a7549e53a1f0d7,"['**本科学历学信网可查 \n', ' 1.3年以上相关工作经验，熟悉Python的中后台开发工作, 具有丰富的项目开发经验, 熟悉Linux； \n', '2.有RESTful API的设计开发经验, 熟悉Django, Flask等框架 \n', '3.熟悉常见的关系型数据库的操作, 对MySQL/MongoDB/Redis等能够熟练使用； \n', '4.具有数据处理的项目经验, 包括数据的预处理, 特征工程等工作, 熟练使用numpy/pandas以及spark进行数据处理计算工作； \n', '5了解机器学习, 能够熟练使用sklearn构建简单模型； \n', '6. 了解深度学习, 对tensorflow/keras等常见的深度学习框架有使用经验；']"
安势信息,python开发工程师 ,18k-30k,上海,经验3-5年,['大专及以上 /'],"['信息安全', '天使轮', '50-150人']",https://www.lagou.com/wn/jobs/10495986.html?show=47e2e36d309246e5a3a7549e53a1f0d7,"['岗位职责： \n', '1、 独立完成项目的系统分析和技术架构设计，并主导完成详细设计和编码的任务，确保项目的进度和质量 \n', '2、 负责软件需求分析、设计、开发工作，承担解决方案相关产品需求分析、设计、开发，高质量完成系统交付 \n', '3、 负责改进软件产品的性能、可扩展性、稳定性及安全性，负责关键技术的提前验证，消除版本落地的技术风险 \n', ' \n', '岗位要求： \n', '1、大专及以上学历，2年以上后端开发经验 \n', '2、 熟悉Django/Flask等任意Web框架，熟悉PostgreSQL或MySQL数据库操作，熟悉SQL语句编写和性能调优 \n', '3、 熟练掌握缓存,消息队列机制,具有高并发、大数据系统设计、研发、调优经验，能对分布式微服务常用技术进行合理应用，解决问题，了解高并发消息队列、RPC、KV系统的应用 \n', '4、 具有大规模架构的实践经验，熟悉故障定位、容量规划、架构设计、性能优化等方面 \n', '5、 熟悉常用的数据结构，具有良好的代码风格、接口设计与框架设计能力 \n', '6、 有较强的逻辑思维能力和沟通能力，主动积极有责任感，有良好的团队合作精神']"
华为,python开发工程师 ,18k-35k,北京,经验不限,['本科及以上 /'],"['IT技术服务｜咨询,智能硬件,网络通信', '不需要融资', '2000人以上']",https://www.lagou.com/wn/jobs/9954763.html?show=47e2e36d309246e5a3a7549e53a1f0d7,"['【工作职责】 \n', '1. 负责风险评估与威胁预警系统引擎的设计与开发； \n', '2. 负责风险评估与威胁预警系统引擎维护与性能调优； \n', '3. 负责风险评估与威胁预警系统插件的设计与开发； \n', '4. 负责风险评估与威胁预警系统插件的日常维护和优化工作； \n', ' \n', '【岗位要求】 \n', '1. 熟练掌握Python编程，具备Python工程化经验； \n', '2、掌握常见的数据结构、算法，了解软件工程、敏捷开发等知识，熟悉常用设计模式； \n', '3. 有Django、Flask、Tornado框架的工程化经验优化； \n', '5. 有网络安全经验者优先；']"
极光,Python开发工程师 ,18k-25k,深圳,经验1-3年,['本科及以上 /'],"['软件服务｜咨询,IT技术服务｜咨询', '上市公司', '复星昆仲，IDG，Mandra capital(B轮)']",https://www.lagou.com/wn/jobs/10309523.html?show=47e2e36d309246e5a3a7549e53a1f0d7,"['岗位内容： \n', '1、参与公司内部系统的研发工作； \n', '2、公司内部系统的日常维护工作。 \n', ' \n', '任职资格 ： \n', '1、本科及以上学历，计算机相关专业； \n', '2、1 - 3年相关python开发经验，对技术有热情； \n', '3、基本掌握 Python 的最佳实践方法，熟悉flask或django框架； \n', '4、有 MySQL, Redis 和消息队列等常用的技术栈工具的使用经验； \n', '5、熟悉 Http 协议，RESTful 规范，有良好的编码习惯； \n', '6、具备良好的沟通、理解、表达能力，积极主动完成研发任务。 \n', ' \n', ' \n', '如果您除了以上条件，并具备以下两个条件，那将是加分项： \n', '1、熟悉golang语言； \n', '2、有使用 Docker、Kubernetes 经验。']"
深圳市慧择软件集团有限公司,python开发 ,20k-40k,深圳,经验3-5年,['本科及以上 /'],"['IT技术服务｜咨询', '不需要融资', '500-2000人']",https://www.lagou.com/wn/jobs/10412399.html?show=47e2e36d309246e5a3a7549e53a1f0d7,"['岗位职责： \n', '1、 参与公司现有系统平台的维护和迭代研发； \n', '2、 参与公司新项目的架构设计和迭代研发。 \n', ' \n', '任职资格： \n', '1、 本科及以上学历，计算机相关专业； \n', '2、 3 - 5年相关经验，对技术有热情； \n', '3、基本掌握 Python 的最佳实践方法，有 MySQL/PostgreSQL/MongoDB, Redis 和消息队列等常用的技术栈工具的使用经验； \n', '5、具备大型网站服务器/数据库/部署/架构能力，对消息队列、任务调度、负载均衡、并发控制有较好理解，有微服务组合经验； \n', '6、 熟悉 Linux Shell 常用命令，熟悉Git，熟悉 Https 协议，RESTful 规范，有良好的编码习惯； \n', '7、要求思维活跃，有极客精神，执行力强，熟悉异步编程、事件编程，具有分析系统瓶颈，对系统进行性能调优的能力和经验； \n', '8、 具备良好的沟通、理解、表达能力，主动推动研发力量完成产品研发。 \n', ' \n', '加分项： \n', '1、 有使用 Docker、Kubernetes 经验； \n', '2、 有写 Blog 的习惯，活跃于技术社区，参与开源项目等； \n', '3、 有审批流/CRM/rbac项目经验']"
赛意,python开发工程师 ,13k-16k,武汉,经验3-5年,['本科及以上 /'],"['IT技术服务｜咨询', '上市公司', '2000人以上']",https://www.lagou.com/wn/jobs/10280541.html?show=47e2e36d309246e5a3a7549e53a1f0d7,"['**本科学历学信网可查 \n', ' 1.3年以上相关工作经验，熟悉Python的中后台开发工作, 具有丰富的项目开发经验, 熟悉Linux； \n', '2.有RESTful API的设计开发经验, 熟悉Django, Flask等框架 \n', '3.熟悉常见的关系型数据库的操作, 对MySQL/MongoDB/Redis等能够熟练使用； \n', '4.具有数据处理的项目经验, 包括数据的预处理, 特征工程等工作, 熟练使用numpy/pandas以及spark进行数据处理计算工作； \n', '5了解机器学习, 能够熟练使用sklearn构建简单模型； \n', '6. 了解深度学习, 对tensorflow/keras等常见的深度学习框架有使用经验；']"
中软国际科技服务有限公司,python ,18k-30k,北京,经验5-10年,['本科及以上 /'],"['IT技术服务｜咨询', '上市公司', '2000人以上']",https://www.lagou.com/wn/jobs/10300431.html?show=47e2e36d309246e5a3a7549e53a1f0d7,['熟练掌握Python语言的开发，有独立开发功能模块的能力； 熟练掌握Python正则表达，熟练处理相关文本、数值； 熟悉基于Python的基本分类、预测模型的训练和使用； 熟悉MySQL，PgSQL，Redis等关系型、非关系型数据库的连接，查询，修改等；']
